{
    "best_valid": 0.8824519230769231,
    "selected_epoch": 20,
    "test": 0.8807211538461538,
    "time": 167.2248191833496
}