{
    "best_valid": 0.8784134615384616,
    "selected_epoch": 20,
    "test": 0.8775480769230769,
    "time": 169.92908811569214
}