{"epochs": [0, 1, 2, 3, 4, 5, 6, 7, 8, 9, 10, 11, 12, 13, 14, 15, 16, 17, 18, 19, 20, 21, 22, 23, 24, 25, 26, 27, 28, 29, 30], "train_losses": [3.2707605361938477, 1.8504207134246826, 1.346204161643982, 1.2196300029754639, 1.14515221118927, 1.095917820930481, 1.0579506158828735, 1.0343259572982788, 1.0082740783691406, 0.9897979497909546, 0.976121723651886, 0.959312379360199, 0.9454480409622192, 0.9364868402481079, 0.9244053363800049, 0.9154003262519836, 0.9092070460319519, 0.8983081579208374, 0.894515335559845, 0.8858258128166199, 0.8872915506362915, 0.8786098957061768, 0.876329243183136, 0.8686291575431824, 0.8679115176200867, 0.8590564727783203, 0.8574574589729309, 0.8528156280517578, 0.8487066030502319, 0.8434709906578064, 0.8418729901313782], "valid_losses": [3.271268129348755, 1.2533018589019775, 1.0776467323303223, 0.9784449934959412, 0.9109697937965393, 0.861328125, 0.8296061158180237, 0.7978805899620056, 0.776005744934082, 0.7574179768562317, 0.7424136400222778, 0.730040431022644, 0.7213385701179504, 0.7100486159324646, 0.7019601464271545, 0.6943305134773254, 0.6859967112541199, 0.6800174117088318, 0.674495279788971, 0.6717264652252197, 0.6683550477027893, 0.6609858274459839, 0.6630929708480835, 0.6572170853614807, 0.6534250974655151, 0.6529210209846497, 0.6483899354934692, 0.6433677077293396, 0.6442986130714417, 0.6386850476264954, 0.6370868682861328], "train_accs": [0.03962500020861626, 0.6552884578704834, 0.7003846168518066, 0.7269423007965088, 0.7486057877540588, 0.7605288624763489, 0.7705096006393433, 0.7782211303710938, 0.7835384607315063, 0.7893750071525574, 0.793749988079071, 0.7985384464263916, 0.8007980585098267, 0.8044134378433228, 0.8084134459495544, 0.8087499737739563, 0.8110672831535339, 0.8140480518341064, 0.8151922821998596, 0.8161249756813049, 0.8173750042915344, 0.8194807767868042, 0.8199134469032288, 0.8214423060417175, 0.8225576877593994, 0.822817325592041, 0.8246153593063354, 0.8261826634407043, 0.8261346220970154, 0.8282307982444763, 0.8276538252830505], "valid_accs": [0.041586536914110184, 0.6538942456245422, 0.6966345906257629, 0.7243269085884094, 0.7438942193984985, 0.7567788362503052, 0.7680288553237915, 0.7742307782173157, 0.7792307734489441, 0.784375011920929, 0.7863461375236511, 0.7905769348144531, 0.7923076748847961, 0.796346127986908, 0.7987499833106995, 0.7983654141426086, 0.8010576963424683, 0.8034615516662598, 0.805384635925293, 0.8061057925224304, 0.8070192337036133, 0.8080769181251526, 0.8066346049308777, 0.8098557591438293, 0.8122596144676208, 0.8126922845840454, 0.8128846287727356, 0.8140384554862976, 0.815048098564148, 0.816730797290802, 0.8154807686805725], "final_train_acc": 0.8276538252830505, "best_val_acc": 0.816730797290802, "test_acc": 0.8175480961799622, "config": {"batch_size": 64, "hidden_size": 32, "layers": 1, "learning_rate": 0.0003, "l2_decay": 0.0, "dropout": 0.2, "activation": "relu", "optimizer": "adam", "epochs": 30, "model": "depth-1"}}