{"epochs": [0, 1, 2, 3, 4, 5, 6, 7, 8, 9, 10, 11, 12, 13, 14, 15, 16, 17, 18, 19, 20, 21, 22, 23, 24, 25, 26, 27, 28, 29, 30], "train_losses": [3.263317346572876, 2.958246946334839, 2.5747084617614746, 2.4476449489593506, 2.353240728378296, 2.2570340633392334, 2.1733055114746094, 2.1032631397247314, 2.045682430267334, 2.0018396377563477, 1.9605640172958374, 1.931408405303955, 1.9080384969711304, 1.8860421180725098, 1.8723633289337158, 1.8551431894302368, 1.8443429470062256, 1.833668828010559, 1.8214328289031982, 1.8065882921218872, 1.801515817642212, 1.794776439666748, 1.7866110801696777, 1.7728822231292725, 1.7689067125320435, 1.7632759809494019, 1.7621989250183105, 1.7484450340270996, 1.7496099472045898, 1.7407907247543335, 1.7386499643325806], "valid_losses": [3.263317584991455, 2.586430072784424, 2.372584342956543, 2.255023717880249, 2.10512638092041, 1.9845900535583496, 1.9025311470031738, 1.8352195024490356, 1.7623803615570068, 1.7230863571166992, 1.687900424003601, 1.6502864360809326, 1.6267324686050415, 1.610869288444519, 1.57560133934021, 1.5753334760665894, 1.5767604112625122, 1.5576934814453125, 1.5501210689544678, 1.5471526384353638, 1.5159534215927124, 1.512826681137085, 1.524578332901001, 1.5031622648239136, 1.4822137355804443, 1.4801188707351685, 1.484841227531433, 1.4936721324920654, 1.4722404479980469, 1.4575656652450562, 1.445261836051941], "train_accs": [0.03846153989434242, 0.1540384590625763, 0.2226923108100891, 0.2853173017501831, 0.3164423108100891, 0.3434038460254669, 0.3999807834625244, 0.42611539363861084, 0.45758652687072754, 0.47385576367378235, 0.48234614729881287, 0.4886923134326935, 0.4970865249633789, 0.493461549282074, 0.5059134364128113, 0.5099711418151855, 0.49851924180984497, 0.509538471698761, 0.49988460540771484, 0.5030480623245239, 0.5181826949119568, 0.5036634802818298, 0.5042595863342285, 0.5159038305282593, 0.5234519243240356, 0.5243557691574097, 0.5202211737632751, 0.5156345963478088, 0.5232692360877991, 0.5316730737686157, 0.5332211256027222], "valid_accs": [0.03846153989434242, 0.15144230425357819, 0.2197115421295166, 0.28591346740722656, 0.31466346979141235, 0.3417307734489441, 0.40024039149284363, 0.42307692766189575, 0.45346152782440186, 0.46552884578704834, 0.4767788350582123, 0.4814903736114502, 0.4889903962612152, 0.48711538314819336, 0.49937498569488525, 0.5009134411811829, 0.4889903962612152, 0.5015865564346313, 0.49028846621513367, 0.4912980794906616, 0.5087500214576721, 0.493028849363327, 0.4949038326740265, 0.5085576772689819, 0.513942301273346, 0.5124038457870483, 0.5123077034950256, 0.5087980628013611, 0.5147115588188171, 0.5223557949066162, 0.5238942503929138], "final_train_acc": 0.5332211256027222, "best_val_acc": 0.5238942503929138, "test_acc": 0.52754807472229, "config": {"batch_size": 64, "hidden_size": 32, "layers": 9, "learning_rate": 0.0003, "l2_decay": 0.0, "dropout": 0.2, "activation": "relu", "optimizer": "adam", "epochs": 30, "model": "depth-9"}}