{"epochs": [0, 1, 2, 3, 4, 5, 6, 7, 8, 9, 10, 11, 12, 13, 14, 15, 16, 17, 18, 19, 20, 21, 22, 23, 24, 25, 26, 27, 28, 29, 30], "train_losses": [3.265350580215454, 2.7121903896331787, 2.2094621658325195, 1.9810853004455566, 1.8371152877807617, 1.7669508457183838, 1.70513117313385, 1.661468505859375, 1.625013828277588, 1.5923405885696411, 1.5666712522506714, 1.5305821895599365, 1.5039154291152954, 1.4801784753799438, 1.466289758682251, 1.4469937086105347, 1.4326121807098389, 1.421107530593872, 1.407957911491394, 1.3952476978302002, 1.3905234336853027, 1.378667950630188, 1.3705700635910034, 1.3622286319732666, 1.3507517576217651, 1.3501267433166504, 1.3488309383392334, 1.3378820419311523, 1.3321337699890137, 1.331007480621338, 1.320669174194336], "valid_losses": [3.2653350830078125, 2.151068925857544, 1.8468494415283203, 1.5795376300811768, 1.467894434928894, 1.3933361768722534, 1.3406405448913574, 1.2828136682510376, 1.2418549060821533, 1.2072516679763794, 1.1748818159103394, 1.1301296949386597, 1.1043519973754883, 1.0871024131774902, 1.0778236389160156, 1.0589679479599, 1.0467087030410767, 1.0372904539108276, 1.0250110626220703, 1.0224088430404663, 1.0117640495300293, 1.0079458951950073, 0.9975044131278992, 0.9860361814498901, 0.9833531975746155, 0.9776612520217896, 0.9726332426071167, 0.9663149118423462, 0.9623763561248779, 0.9569829702377319, 0.957516074180603], "train_accs": [0.03846153989434242, 0.288798063993454, 0.40896153450012207, 0.5233942270278931, 0.5690096020698547, 0.5826826691627502, 0.6093365550041199, 0.6287884712219238, 0.635692298412323, 0.6465576887130737, 0.6640192270278931, 0.6704711318016052, 0.6753749847412109, 0.684990406036377, 0.6902884840965271, 0.6869615316390991, 0.6950576901435852, 0.6986923217773438, 0.6987884640693665, 0.698144257068634, 0.7105961441993713, 0.7061153650283813, 0.7142403721809387, 0.7137788534164429, 0.7181442379951477, 0.7232499718666077, 0.7254326939582825, 0.725615382194519, 0.7239038348197937, 0.7285000085830688, 0.7248461246490479], "valid_accs": [0.03846153989434242, 0.2882692217826843, 0.40745192766189575, 0.5178365111351013, 0.5620673298835754, 0.5801923274993896, 0.6051923036575317, 0.624471127986908, 0.6304807662963867, 0.6396634578704834, 0.6570672988891602, 0.661105751991272, 0.6703845858573914, 0.6756250262260437, 0.6830288171768188, 0.6799519062042236, 0.6852884888648987, 0.6878365278244019, 0.6875, 0.6865865588188171, 0.69942307472229, 0.6929807662963867, 0.7044711709022522, 0.7035096287727356, 0.7051923274993896, 0.7102884650230408, 0.7104807496070862, 0.7114422917366028, 0.7142788171768188, 0.7173076868057251, 0.7149519324302673], "final_train_acc": 0.7248461246490479, "best_val_acc": 0.7173076868057251, "test_acc": 0.7176923155784607, "config": {"batch_size": 64, "hidden_size": 32, "layers": 5, "learning_rate": 0.0003, "l2_decay": 0.0, "dropout": 0.2, "activation": "relu", "optimizer": "adam", "epochs": 30, "model": "depth-5"}}