{"epochs": [0, 1, 2, 3, 4, 5, 6, 7, 8, 9, 10, 11, 12, 13, 14, 15, 16, 17, 18, 19, 20, 21, 22, 23, 24, 25, 26, 27, 28, 29, 30], "train_losses": [3.2664835453033447, 2.8455862998962402, 2.3613202571868896, 2.1505346298217773, 2.0399153232574463, 1.9636465311050415, 1.9103385210037231, 1.8733223676681519, 1.8431504964828491, 1.814620852470398, 1.7911274433135986, 1.7715420722961426, 1.757331371307373, 1.7427339553833008, 1.7290866374969482, 1.713400959968567, 1.7018362283706665, 1.6940237283706665, 1.6806530952453613, 1.674416184425354, 1.6586544513702393, 1.644121527671814, 1.638405680656433, 1.6334139108657837, 1.6216180324554443, 1.6158872842788696, 1.6113818883895874, 1.6072254180908203, 1.6006649732589722, 1.5891506671905518, 1.5860724449157715], "valid_losses": [3.266484260559082, 2.389911651611328, 2.0059714317321777, 1.8373527526855469, 1.7337688207626343, 1.6746978759765625, 1.6209716796875, 1.5725382566452026, 1.5424970388412476, 1.5213305950164795, 1.4875560998916626, 1.4614967107772827, 1.4476792812347412, 1.4340990781784058, 1.419893741607666, 1.4167670011520386, 1.3933008909225464, 1.3837406635284424, 1.3684265613555908, 1.361732006072998, 1.3479382991790771, 1.3231810331344604, 1.319161057472229, 1.3076212406158447, 1.3002824783325195, 1.2838008403778076, 1.2865673303604126, 1.2813931703567505, 1.2709004878997803, 1.2575793266296387, 1.238021731376648], "train_accs": [0.03846153989434242, 0.1965000033378601, 0.3529134690761566, 0.3849230706691742, 0.44555768370628357, 0.4488942325115204, 0.47250962257385254, 0.4905480742454529, 0.49527883529663086, 0.5103846192359924, 0.5284903645515442, 0.5428653955459595, 0.543048083782196, 0.5497499704360962, 0.5641922950744629, 0.5562499761581421, 0.5650384426116943, 0.5663942098617554, 0.5739519000053406, 0.5747788548469543, 0.5867307782173157, 0.5916442275047302, 0.6026730537414551, 0.5930672883987427, 0.6011250019073486, 0.6112499833106995, 0.6037788391113281, 0.6127499938011169, 0.6214038729667664, 0.6199038624763489, 0.6369423270225525], "valid_accs": [0.03846153989434242, 0.19480769336223602, 0.35269230604171753, 0.3778846263885498, 0.4431730806827545, 0.44312500953674316, 0.46629807353019714, 0.48509615659713745, 0.4905288517475128, 0.5010096430778503, 0.5209134817123413, 0.5394230484962463, 0.5396153926849365, 0.5435096025466919, 0.5568269491195679, 0.5484134554862976, 0.5618269443511963, 0.565625011920929, 0.5696634650230408, 0.5683172941207886, 0.5794711709022522, 0.5871634483337402, 0.5952404141426086, 0.5849999785423279, 0.5935096144676208, 0.6023076772689819, 0.5976442098617554, 0.6044231057167053, 0.6131250262260437, 0.6126442551612854, 0.6294711828231812], "final_train_acc": 0.6369423270225525, "best_val_acc": 0.6294711828231812, "test_acc": 0.6352884769439697, "config": {"batch_size": 64, "hidden_size": 32, "layers": 7, "learning_rate": 0.0003, "l2_decay": 0.0, "dropout": 0.2, "activation": "relu", "optimizer": "adam", "epochs": 30, "model": "depth-7"}}