{"epochs": [0, 1, 2, 3, 4, 5, 6, 7, 8, 9, 10, 11, 12, 13, 14, 15, 16, 17, 18, 19, 20, 21, 22, 23, 24, 25, 26, 27, 28, 29, 30], "train_losses": [3.2634193897247314, 2.3262455463409424, 1.722184181213379, 1.5461093187332153, 1.4486749172210693, 1.3808494806289673, 1.3330886363983154, 1.294934630393982, 1.2635810375213623, 1.2488691806793213, 1.2231736183166504, 1.2052580118179321, 1.1968082189559937, 1.1807011365890503, 1.16506028175354, 1.1527429819107056, 1.1458146572113037, 1.1413445472717285, 1.1323057413101196, 1.1290795803070068, 1.1231327056884766, 1.1127275228500366, 1.10665762424469, 1.1041501760482788, 1.0935112237930298, 1.0922801494598389, 1.0909583568572998, 1.086499810218811, 1.0844191312789917, 1.0826621055603027, 1.0786471366882324], "valid_losses": [3.26338791847229, 1.530468225479126, 1.2514375448226929, 1.1070754528045654, 1.0204850435256958, 0.9603989124298096, 0.9241816401481628, 0.8905500769615173, 0.8630566596984863, 0.8530164361000061, 0.8279996514320374, 0.8169567584991455, 0.802232027053833, 0.7876265048980713, 0.7777948379516602, 0.7694336175918579, 0.7544182538986206, 0.7528737783432007, 0.7477473616600037, 0.745539665222168, 0.740045428276062, 0.7339815497398376, 0.7242953181266785, 0.7185333967208862, 0.7185455560684204, 0.7102846503257751, 0.7122094035148621, 0.7047339081764221, 0.7075780034065247, 0.7031852602958679, 0.6999027132987976], "train_accs": [0.039596155285835266, 0.553288459777832, 0.6311538219451904, 0.6723942160606384, 0.7014999985694885, 0.7237788438796997, 0.7299615144729614, 0.7350673079490662, 0.7482596039772034, 0.7508749961853027, 0.7574999928474426, 0.7627788186073303, 0.771259605884552, 0.7711442112922668, 0.7774519324302673, 0.7812692523002625, 0.7801538705825806, 0.7822115421295166, 0.787009596824646, 0.7891250252723694, 0.7914326786994934, 0.7913846373558044, 0.7939230799674988, 0.7979999780654907, 0.7965192198753357, 0.8014519214630127, 0.7993942499160767, 0.8010672926902771, 0.7999711632728577, 0.8024423122406006, 0.8033461570739746], "valid_accs": [0.039038460701704025, 0.5548076629638672, 0.6297115087509155, 0.6680288314819336, 0.6978365182876587, 0.7190384864807129, 0.723605751991272, 0.7324519157409668, 0.7429807782173157, 0.7450961470603943, 0.7516345977783203, 0.7560576796531677, 0.7640384435653687, 0.763894259929657, 0.7675480842590332, 0.7706730961799622, 0.770432710647583, 0.7717307806015015, 0.7775961756706238, 0.7805288434028625, 0.78125, 0.782932698726654, 0.7847115397453308, 0.7877404093742371, 0.7881730794906616, 0.7908173203468323, 0.7894230484962463, 0.7916346192359924, 0.7886538505554199, 0.792019248008728, 0.7912980914115906], "final_train_acc": 0.8033461570739746, "best_val_acc": 0.792019248008728, "test_acc": 0.7929326891899109, "config": {"batch_size": 64, "hidden_size": 32, "layers": 3, "learning_rate": 0.0003, "l2_decay": 0.0, "dropout": 0.2, "activation": "relu", "optimizer": "adam", "epochs": 30, "model": "depth-3"}}