{
  "train_losses": [
    0.7282875503961034,
    0.48447833332508505,
    0.42285144068672015,
    0.3916129527594956,
    0.3726334886198424,
    0.3522388991129359,
    0.34363811600247884,
    0.32873058956227824,
    0.3143639226292455,
    0.30659287952604486,
    0.3004497858773038,
    0.2905109111702323,
    0.27758663344719875,
    0.27482984317497555,
    0.26351350082016467,
    0.2612944547173589,
    0.2560948148617317,
    0.2507190848010719,
    0.24399426980470107,
    0.24310271481540907,
    0.23673971756748186,
    0.2399179060494781,
    0.2311422654362612,
    0.22966712955323565,
    0.22961828782411906,
    0.22299574703671213,
    0.2200685574861856,
    0.21656504702132406,
    0.2183302105908774,
    0.21468198716244427,
    0.21098908565171137,
    0.21111225118470747,
    0.21072538065355878,
    0.20693151165678653,
    0.20553966970043722
  ],
  "val_losses": [
    0.8719369546171841,
    0.466924950282833,
    0.40442803561371266,
    0.43744182479950733,
    0.4031991457037964,
    0.3544460371413345,
    0.3476450942476485,
    0.3478514156860129,
    0.35661879150241377,
    0.34441425708624035,
    0.3470282289014255,
    0.34257636541396935,
    0.3501671362935074,
    0.3400227504952833,
    0.34666259270606053,
    0.33702607425201475,
    0.32956616454004295,
    0.333813944806787,
    0.34291826579868,
    0.3413027382655865,
    0.3387333966139457,
    0.3277339691429619,
    0.33559250400774676,
    0.33113826368626614,
    0.3336567624573366,
    0.3317572919933486,
    0.33765748168887766,
    0.3299550582662185,
    0.34032725161361443,
    0.3326817654883514,
    0.3324699610946033,
    0.32518223485358516,
    0.335073482808447,
    0.3297661893287135,
    0.33728799603345855
  ],
  "val_correlations": [
    0.507716715335846,
    0.5800341367721558,
    0.6202725172042847,
    0.6367959976196289,
    0.6333295702934265,
    0.6481795907020569,
    0.6533978581428528,
    0.6523050665855408,
    0.654461145401001,
    0.6629634499549866,
    0.6555487513542175,
    0.66148442029953,
    0.6577242612838745,
    0.6609348654747009,
    0.6603120565414429,
    0.6634236574172974,
    0.6634157299995422,
    0.6660932302474976,
    0.6607675552368164,
    0.6617094874382019,
    0.6541789174079895,
    0.663782000541687,
    0.6608134508132935,
    0.663658082485199,
    0.6663544774055481,
    0.664564311504364,
    0.6652580499649048,
    0.6627113819122314,
    0.6607443690299988,
    0.6579733490943909,
    0.6632145643234253,
    0.6609415411949158,
    0.6578195095062256,
    0.6626543402671814,
    0.6555498838424683
  ],
  "best_val_correlation": 0.6663544774055481
}