{
  "cnn": {
    "config": {
      "num_filters": 128,
      "filter_sizes": [
        3,
        5,
        7
      ],
      "dropout_rate": 0.0,
      "hidden_units": 64,
      "num_dense_layers": 3
    },
    "training_history": {
      "train_losses": [
        0.49120660706413943,
        0.3986953538369103,
        0.3677668252557615,
        0.3445189493340115,
        0.3268311768671207,
        0.30673618689922005,
        0.2832356530467537,
        0.26824616526448447,
        0.2542893890972153,
        0.24471934780825016,
        0.23159030871929917,
        0.2210950212868741,
        0.21395551710330768,
        0.20596762145080438,
        0.19930986269466902,
        0.19462283397730798,
        0.18668343333211848,
        0.18054839482537138,
        0.1749901934765106,
        0.1709852599226359,
        0.1667463789400072,
        0.16226406420188091,
        0.15427799731294975,
        0.1520501377079574,
        0.1483464466500718,
        0.1467451704102893
      ],
      "val_losses": [
        0.4310742669222526,
        0.3772319716151893,
        0.37678683966161086,
        0.37552922675559,
        0.3981311123630412,
        0.37002399307860934,
        0.4707530306489145,
        0.3468810461797512,
        0.39015203439667623,
        0.3609435394682998,
        0.3517064973119083,
        0.35437861914976204,
        0.3778019496079149,
        0.3527223727114953,
        0.35944721177813227,
        0.35063306793610044,
        0.3671341348113369,
        0.36925691808882694,
        0.35777504465466153,
        0.3833915993215551,
        0.37197711585529286,
        0.37519036419195584,
        0.3607491968244077,
        0.36579115771804627,
        0.3592236763365389,
        0.3685622004994663
      ],
      "val_correlations": [
        0.6089157462120056,
        0.6241624355316162,
        0.6375251412391663,
        0.641337513923645,
        0.6368862986564636,
        0.6428235173225403,
        0.615587055683136,
        0.6446537971496582,
        0.6254589557647705,
        0.6416252851486206,
        0.6468085050582886,
        0.6462059617042542,
        0.6294500231742859,
        0.6429545283317566,
        0.645284116268158,
        0.6469915509223938,
        0.6373295187950134,
        0.6305704712867737,
        0.6429162621498108,
        0.6359389424324036,
        0.6270476579666138,
        0.6335167288780212,
        0.6302344799041748,
        0.6299987435340881,
        0.6260635256767273,
        0.6283066868782043
      ],
      "best_val_correlation": 0.6469915509223938
    },
    "test_results": {
      "spearman_correlation": 0.6219138503074646,
      "pearson_correlation": 0.7858047519509402,
      "test_loss": 0.38333556302537625,
      "mae": 0.43061986565589905,
      "rmse": 0.6191829442977905
    }
  },
  "lstm": {
    "config": {
      "lstm_hidden_size": 64,
      "num_lstm_layers": 2,
      "dropout_rate": 0.2,
      "dense_units": 64,
      "aggregation": "mean",
      "use_embedding": false
    },
    "training_history": {
      "train_losses": [
        0.9509869053415286,
        0.7031612464359829,
        0.5417839238908996,
        0.5147875048393427,
        0.46636677722994274,
        0.441514602501527,
        0.4209865420759714,
        0.41199724420756595,
        0.40555024736149364,
        0.3968763341737348,
        0.3904590206090794,
        0.38290180718383915,
        0.3775765278460179,
        0.36849032465207615,
        0.36722654668595706,
        0.35903695761860405,
        0.355281002666071,
        0.3569771780623154,
        0.3517730748584104,
        0.3492003278429326,
        0.3411435803503689,
        0.3395680486561848,
        0.3330446949729888,
        0.33142929193981463,
        0.3244943857440521,
        0.32370369684854616,
        0.31996170080381375,
        0.31606833124873646,
        0.3123596659629448,
        0.3079249938114537,
        0.3051262768994138,
        0.3003037981416696,
        0.3017841644510874,
        0.2948166450541281,
        0.29364097412440465,
        0.28910220936683323,
        0.28288375044185854,
        0.28292309633669666,
        0.27860610117745954,
        0.2800784034833956,
        0.2736597039770842,
        0.27069838177722155,
        0.26829217896112967,
        0.26593081830842946,
        0.26506200974367783,
        0.26125737869759336,
        0.2597623489178296,
        0.2580406532731167,
        0.2556526703246408,
        0.25363647452125515,
        0.2506161687085003,
        0.24950217445229375,
        0.247486418965845,
        0.24805468079259627,
        0.2426768294848081,
        0.24310686258580597,
        0.24326763210502575,
        0.23779963536119936,
        0.2380803030838206,
        0.23669781719034297,
        0.23424285529954886,
        0.2319326385533889,
        0.23213868679299307,
        0.23083839680863377,
        0.22896143832179003,
        0.2281371402681072,
        0.22730723237278452,
        0.2248646593668136,
        0.22369859803752645,
        0.22330976086498494,
        0.22158858506782506,
        0.22074827796894053
      ],
      "val_losses": [
        2.511797936588763,
        0.5353119337353213,
        0.516019130772874,
        0.48137585692285545,
        0.5039109481740693,
        0.45245077087487084,
        0.40551402232058803,
        0.3831965183784854,
        0.36842060073301075,
        0.4021526114614952,
        0.385167376195088,
        0.3742294626542681,
        0.42095676216664935,
        0.39196318629091553,
        0.36938799781334497,
        0.3529636567799419,
        0.3940097156230271,
        0.3573861098020715,
        0.35486154847183027,
        0.3438001108066789,
        0.3517856580904371,
        0.43942827146391655,
        0.378309989896472,
        0.36519433142968133,
        0.37347332043301523,
        0.34191313374105753,
        0.3538069778593845,
        0.35154019021466176,
        0.3582079917073882,
        0.3412467898203144,
        0.3412869547343064,
        0.34141321177903156,
        0.3573408539676224,
        0.3366754351070136,
        0.37659304365713336,
        0.33894523432779694,
        0.3498860097216042,
        0.3392797736574547,
        0.3493529087431551,
        0.33331095233599134,
        0.32683071081059684,
        0.34067090448555326,
        0.3352153658550677,
        0.3280939204860429,
        0.33643383673078503,
        0.33842335404230367,
        0.33771964630966794,
        0.3351575161085837,
        0.3333459705588672,
        0.35856641048382704,
        0.333681022417324,
        0.3376339932493569,
        0.3317231356860472,
        0.3290035991042615,
        0.3414086329525915,
        0.33707938048820596,
        0.36553931643381044,
        0.3383866283321254,
        0.3313533325805588,
        0.33994293869016023,
        0.3287940802008151,
        0.33522555129281406,
        0.3350611176509756,
        0.34920516515284067,
        0.3378955070868095,
        0.35242792525247174,
        0.3454843203806435,
        0.3562151336701542,
        0.33836486761702783,
        0.3344926912367186,
        0.33387885153767916,
        0.33381823981946596
      ],