{
  "cnn": {
    "config": {
      "num_filters": 64,
      "filter_sizes": [
        3,
        5,
        7
      ],
      "dropout_rate": 0.2,
      "hidden_units": 128,
      "num_dense_layers": 2
    },
    "training_history": {
      "train_losses": [
        0.5968562591016491,
        0.49044262291585095,
        0.44903445609186177,
        0.42510061732360294,
        0.41410099950145646,
        0.40023684666501325,
        0.39073618784101305,
        0.38627258551081156,
        0.3749501679327797,
        0.36904708963890015,
        0.36491653785060013,
        0.3564050020346808,
        0.3583383488892717,
        0.34946185695966614,
        0.35023820233899494,
        0.34483013709518207,
        0.3382375882214486,
        0.3348865167296606,
        0.33320815856274577,
        0.33182060214570197,
        0.32859175173052124,
        0.32696610932235304,
        0.32308923882305424,
        0.3215109706222021
      ],
      "val_losses": [
        0.7432676748192278,
        0.7135985390893345,
        0.7115485757510289,
        0.618005879717417,
        0.6991011130793974,
        0.6566094506719701,
        0.8046791923654807,
        0.6822261321765991,
        0.6787908321113105,
        0.6886671120276185,
        0.6607466224254916,
        0.6623402300737897,
        0.6705852182142298,
        0.7296777250200747,
        0.6898708945876407,
        0.6924838979063995,
        0.7424649679613367,
        0.7502862488954706,
        0.7023171296328385,
        0.6844455968954203,
        0.6613759053401669,
        0.6583191938994734,
        0.7174429096953464,
        0.6497647883642257
      ],
      "val_correlations": [
        0.5003263354301453,
        0.5139091610908508,
        0.5136120319366455,
        0.48036137223243713,
        0.5442746877670288,
        0.5508571863174438,
        0.550428569316864,
        0.5683513879776001,
        0.5749380588531494,
        0.5723510384559631,
        0.5578161478042603,
        0.5773437023162842,
        0.5614422559738159,
        0.5916882753372192,
        0.5861576795578003,
        0.5854083895683289,
        0.5700782537460327,
        0.582237720489502,
        0.5806199312210083,
        0.589879035949707,
        0.5854964256286621,
        0.5671916007995605,
        0.5785836577415466,
        0.5725255012512207
      ],
      "best_val_correlation": 0.5916882753372192
    },
    "test_results": {
      "spearman_correlation": 0.5820100903511047,
      "pearson_correlation": 0.7355765974892112,
      "test_loss": 0.6588341724324428,
      "mae": 0.5242183804512024,
      "rmse": 0.811540424823761
    }
  },
  "lstm": {
    "config": {
      "lstm_hidden_size": 128,
      "num_lstm_layers": 2,
      "dropout_rate": 0.2,
      "dense_units": 128,
      "aggregation": "last",
      "use_embedding": false
    },
    "training_history": {
      "train_losses": [
        0.9064407006450665,
        0.7879757620468488,
        0.5361579542837269,
        0.465644162675471,
        0.42835551220614254,
        0.40658572918033087,
        0.3947076951942571,
        0.38542459072464724,
        0.3727918936366655,
        0.3665954636675971,
        0.35734637730145374,
        0.35263490438263284,
        0.34063689913662565,
        0.3364217905779416,
        0.3325069152536582,
        0.3211646129473103,
        0.317139911765474,
        0.3106365314848795,
        0.30066995872215574,
        0.297012194203974,
        0.29210445285833553,
        0.2891322697119855,
        0.2774675307628324,
        0.27075775677579583,
        0.26821649717631135,
        0.26285308809375446,
        0.2587366911907529,
        0.2555979498349551,
        0.24726187099155,
        0.24303418717709094,
        0.2412556027900737,
        0.2357236703319407,
        0.2317157208226448,
        0.22813519777055594,
        0.22509565254382516,
        0.22327971886657796,
        0.21875280998770977,
        0.216721916535368,
        0.21388832176246517,
        0.21223076328981755,
        0.20791547553879874,
        0.2023272660335037,
        0.2025412663668889,
        0.20257583559549527,
        0.19729301724025974,
        0.19415168855277407,
        0.1944099244584277,
        0.18926848057298565
      ],
      "val_losses": [
        6.738889646150706,
        0.6527427604090946,
        0.5345745733704428,
        0.6367986761922861,
        0.552553002986889,
        0.5139757458031652,
        0.39488155954080173,
        0.7109399170142942,
        0.4073644632606987,
        0.3860246482989516,
        0.5196037165751429,
        0.39201987224485263,
        0.664296816746687,
        0.4755887941553675,
        0.37036506440342265,
        0.4296640381414631,
        0.35894981769731255,
        0.37908904602262006,
        0.35795426210610876,
        0.37909509213913023,
        0.41355844608826725,
        0.3480429368721079,
        0.34092298007770305,
        0.33283174970738133,
        0.33195694316603463,
        0.35958343554554945,
        0.33717002614897823,
        0.33635330133001745,
        0.3697666057264457,
        0.3366557286968282,
        0.3833422002725955,
        0.37589148196838895,
        0.40456796573865317,
        0.33322056021235036,
        0.3691895041683941,
        0.35942764742304856,
        0.34079460949891444,
        0.3341594791380733,
        0.355234256394662,
        0.3330857618971276,
        0.3423288321068179,
        0.33510512896178574,
        0.4018432063591575,
        0.3303638917618784,
        0.3378346097168935,
        0.34067210072863957,
        0.34313375817053515,
        0.3572564895415496
      ],
      "val_correlations": [
        0.41241079568862915,
        0.4785979390144348,
        0.5236765146255493,
        0.5694109201431274,
        0.5889045000076294,
        0.5235214233398438,
        0.6224727630615234,
        0.5858664512634277,
        0.5762132406234741,
        0.6396608352661133,
        0.6005734801292419,
        0.6309923529624939,
        0.5535438060760498,
        0.6422257423400879,
        0.6482998132705688,
        0.5937225222587585,
        0.641958475112915,
        0.652163565158844,
        0.6465060710906982,
        0.6523743271827698,
        0.63174968957901,
        0.6507308483123779,
        0.664435088634491,
        0.6671433448791504,
        0.6653667688369751,
        0.655213475227356,
        0.666131854057312,
        0.6686972975730896,
        0.6499203443527222,
        0.6702589392662048,
        0.6619166731834412,
        0.6528554558753967,
        0.6553431153297424,
        0.667646050453186,
        0.6631168127059937,
        0.6626856923103333,
        0.6682824492454529,
        0.6719534993171692,
        0.6656020879745483,
        0.6650316119194031,
        0.6659758687019348,
        0.6664972305297852,
        0.6365648508071899,
        0.6653773784637451,
        0.666481077671051,
        0.6699296832084656,
        0.6614667773246765,
        0.6628211736679077
      ],
      "best_val_correlation": 0.6719534993171692
    },
    "test_results": {
      "spearman_correlation": 0.6574096083641052,
      "pearson_correlation": 0.8040500808601292,
      "test_loss": 0.37346215981667186,
      "mae": 0.420047402381897,
      "rmse": 0.6109845638275146
    }
  }
}