{
    "epochs": [
        0,
        1,
        2,
        3,
        4,
        5,
        6,
        7,
        8,
        9,
        10,
        11,
        12,
        13,
        14,
        15,
        16,
        17,
        18,
        19,
        20,
        21,
        22,
        23,
        24,
        25,
        26,
        27,
        28,
        29,
        30
    ],
    "train_losses": [
        3.2625629901885986,
        1.9361181259155273,
        1.2355773448944092,
        1.11552894115448,
        1.0499051809310913,
        0.9988511800765991,
        0.9521897435188293,
        0.9074530005455017,
        0.8641401529312134,
        0.8227880597114563,
        0.7839311361312866,
        0.7486199736595154,
        0.7168470621109009,
        0.688348114490509,
        0.6632880568504333,
        0.6411807537078857,
        0.6215367913246155,
        0.6039610505104065,
        0.5882806777954102,
        0.5740659832954407,
        0.5612105131149292,
        0.5494364500045776,
        0.5390508770942688,
        0.5294631719589233,
        0.5203701257705688,
        0.5122413635253906,
        0.504448413848877,
        0.4971100389957428,
        0.490462064743042,
        0.4841770827770233,
        0.4780883491039276
    ],
    "valid_losses": [
        3.2627789974212646,
        1.3581193685531616,
        1.1647167205810547,
        1.0862561464309692,
        1.0312113761901855,
        0.9828607439994812,
        0.9390932321548462,
        0.8953929543495178,
        0.853645384311676,
        0.8132102489471436,
        0.7783926129341125,
        0.7464492321014404,
        0.7183297872543335,
        0.6922075152397156,
        0.6691146492958069,
        0.650702714920044,
        0.6338465809822083,
        0.6179454922676086,
        0.604325532913208,
        0.5912907123565674,
        0.5817028284072876,
        0.5717652440071106,
        0.5629470348358154,
        0.5550321340560913,
        0.5466625690460205,
        0.5394877195358276,
        0.5334511995315552,
        0.5277593731880188,
        0.522673487663269,
        0.5174687504768372,
        0.5125321745872498
    ],
    "train_accs": [
        0.0368846170604229,
        0.6267211437225342,
        0.6725480556488037,
        0.6948269009590149,
        0.7105000019073486,
        0.723932683467865,
        0.737826943397522,
        0.7513653635978699,
        0.7636538743972778,
        0.7742307782173157,
        0.7848846316337585,
        0.7934615612030029,
        0.8008461594581604,
        0.8076730966567993,
        0.8152019381523132,
        0.8199807405471802,
        0.8254807591438293,
        0.8288461565971375,
        0.833432674407959,
        0.8368461728096008,
        0.8397307395935059,
        0.8416730761528015,
        0.8450384736061096,
        0.8471730947494507,
        0.8494327068328857,
        0.8523269295692444,
        0.8532596230506897,
        0.8556057810783386,
        0.8572884798049927,
        0.8590384721755981,
        0.8603076934814453
    ],
    "valid_accs": [
        0.036105770617723465,
        0.6274518966674805,
        0.6702404022216797,
        0.6927884817123413,
        0.7083172798156738,
        0.72245192527771,
        0.7350480556488037,
        0.7470192313194275,
        0.7570673227310181,
        0.7677884697914124,
        0.7793750166893005,
        0.7879326939582825,
        0.7950961589813232,
        0.802259624004364,
        0.8088461756706238,
        0.8115384578704834,
        0.817884624004364,
        0.8221153616905212,
        0.8245673179626465,
        0.8290865421295166,
        0.8321634531021118,
        0.8336538672447205,
        0.8368750214576721,
        0.8370673060417175,
        0.8417788743972778,
        0.8436538577079773,
        0.8449519276618958,
        0.8470672965049744,
        0.8478365540504456,
        0.8499038219451904,
        0.8508173227310181
    ],
    "final_train_acc": 0.8603076934814453,
    "best_val_acc": 0.8508173227310181,
    "test_acc": 0.849134624004364,
    "config": {
        "batch_size": 64,
        "hidden_size": 64,
        "layers": 1,
        "learning_rate": 0.0001,
        "l2_decay": 0.0,
        "dropout": 0.0,
        "activation": "relu",
        "optimizer": "adam",
        "epochs": 30,
        "model": "width-64"
    }
}