{
    "epochs": [
        0,
        1,
        2,
        3,
        4,
        5,
        6,
        7,
        8,
        9,
        10,
        11,
        12,
        13,
        14,
        15,
        16,
        17,
        18,
        19,
        20,
        21,
        22,
        23,
        24,
        25,
        26,
        27,
        28,
        29,
        30
    ],
    "train_losses": [
        3.2714333534240723,
        0.9435016512870789,
        0.516086220741272,
        0.42017051577568054,
        0.37277859449386597,
        0.3440496623516083,
        0.32388272881507874,
        0.3081023097038269,
        0.2940841615200043,
        0.2861713767051697,
        0.2761830687522888,
        0.2706209123134613,
        0.26293304562568665,
        0.2558268904685974,
        0.2511194050312042,
        0.2464320957660675,
        0.24220743775367737,
        0.23869971930980682,
        0.23277918994426727,
        0.23065483570098877,
        0.22712211310863495,
        0.22465047240257263,
        0.22123070061206818,
        0.21949677169322968,
        0.21671722829341888,
        0.2136475145816803,
        0.21359817683696747,
        0.21013954281806946,
        0.20898474752902985,
        0.20728692412376404,
        0.20354215800762177
    ],
    "valid_losses": [
        3.271533966064453,
        0.6126417517662048,
        0.4814305305480957,
        0.4188363552093506,
        0.4002155363559723,
        0.3851534426212311,
        0.37383532524108887,
        0.3646894097328186,
        0.3678290843963623,
        0.3533730208873749,
        0.35153728723526,
        0.3544652760028839,
        0.3485850989818573,
        0.34662339091300964,
        0.35276877880096436,
        0.3390101194381714,
        0.34582260251045227,
        0.34594011306762695,
        0.3574608266353607,
        0.34852370619773865,
        0.3443525731563568,
        0.35016903281211853,
        0.348878413438797,
        0.3429543375968933,
        0.34129562973976135,
        0.34723928570747375,
        0.35183313488960266,
        0.33941563963890076,
        0.34072908759117126,
        0.337335467338562,
        0.3461697995662689
    ],
    "train_accs": [
        0.03701923042535782,
        0.8262980580329895,
        0.865913450717926,
        0.8882595896720886,
        0.8962307572364807,
        0.9025769233703613,
        0.9082884788513184,
        0.9119711518287659,
        0.91213458776474,
        0.9179134368896484,
        0.9197884798049927,
        0.9193173050880432,
        0.9245576858520508,
        0.9245288372039795,
        0.9224134683609009,
        0.9290577173233032,
        0.9269711375236511,
        0.9282980561256409,
        0.925903856754303,
        0.930182695388794,
        0.9310480952262878,
        0.9307019114494324,
        0.9331730604171753,
        0.9320288300514221,
        0.9361634850502014,
        0.9351922869682312,
        0.9330288171768188,
        0.9375865459442139,
        0.9397211670875549,
        0.9396923184394836,
        0.9379134774208069
    ],
    "valid_accs": [
        0.035673078149557114,
        0.8205769062042236,
        0.8535577058792114,
        0.8732211589813232,
        0.8781730532646179,
        0.8825480937957764,
        0.8849519491195679,
        0.8867788314819336,
        0.8867788314819336,
        0.8908653855323792,
        0.8902403712272644,
        0.890048086643219,
        0.8919230699539185,
        0.8927403688430786,
        0.8896634578704834,
        0.8955288529396057,
        0.893750011920929,
        0.8939903974533081,
        0.8907211422920227,
        0.8931249976158142,
        0.8909134864807129,
        0.8930288553237915,
        0.8939903974533081,
        0.8945673108100891,
        0.8946634531021118,
        0.8948076963424683,
        0.8937980532646179,
        0.8983173370361328,
        0.8961057662963867,
        0.8962500095367432,
        0.8969230651855469
    ],
    "final_train_acc": 0.9379134774208069,
    "best_val_acc": 0.8983173370361328,
    "test_acc": 0.8958653807640076,
    "config": {
        "batch_size": 64,
        "hidden_size": 128,
        "layers": 1,
        "learning_rate": 0.001,
        "l2_decay": 0.0001,
        "dropout": 0.0,
        "activation": "relu",
        "optimizer": "adam",
        "epochs": 30,
        "model": "width-128"
    }
}