{
    "epochs": [
        0,
        1,
        2,
        3,
        4,
        5,
        6,
        7,
        8,
        9,
        10,
        11,
        12,
        13,
        14,
        15,
        16,
        17,
        18,
        19,
        20,
        21,
        22,
        23,
        24,
        25,
        26,
        27,
        28,
        29,
        30
    ],
    "train_losses": [
        3.2584073543548584,
        1.0503625869750977,
        0.6484088897705078,
        0.556547224521637,
        0.5104612112045288,
        0.4850451946258545,
        0.46146202087402344,
        0.4490002393722534,
        0.43624433875083923,
        0.42487815022468567,
        0.42128056287765503,
        0.4133615493774414,
        0.40677952766418457,
        0.3996526002883911,
        0.3952261209487915,
        0.3936503827571869,
        0.3872044086456299,
        0.38308924436569214,
        0.38168591260910034,
        0.37829917669296265,
        0.3763335943222046,
        0.3741835057735443,
        0.3724431097507477,
        0.36802178621292114,
        0.36879903078079224,
        0.36543282866477966,
        0.3632206618785858,
        0.36277955770492554,
        0.36101311445236206,
        0.36104950308799744,
        0.3558582365512848
    ],
    "valid_losses": [
        3.258213758468628,
        0.6428511142730713,
        0.5054192543029785,
        0.4430864155292511,
        0.41847512125968933,
        0.40216881036758423,
        0.38903772830963135,
        0.3795023560523987,
        0.370991975069046,
        0.36296430230140686,
        0.36278074979782104,
        0.354423463344574,
        0.3535773754119873,
        0.35863974690437317,
        0.3481580317020416,
        0.3495606482028961,
        0.34460827708244324,
        0.3412691056728363,
        0.341687947511673,
        0.346626341342926,
        0.34307190775871277,
        0.34091809391975403,
        0.3379667401313782,
        0.3421766757965088,
        0.334955632686615,
        0.3392064869403839,
        0.32978585362434387,
        0.33175763487815857,
        0.33406615257263184,
        0.33458518981933594,
        0.3309268355369568
    ],
    "train_accs": [
        0.03162499889731407,
        0.8182884454727173,
        0.857442319393158,
        0.8770288228988647,
        0.8855096101760864,
        0.891278862953186,
        0.8956153988838196,
        0.9004807472229004,
        0.9033269286155701,
        0.9071634411811829,
        0.9075769186019897,
        0.9104134440422058,
        0.9110192060470581,
        0.910855770111084,
        0.9131442308425903,
        0.9142115116119385,
        0.9167884588241577,
        0.9172115325927734,
        0.9177404046058655,
        0.9177692532539368,
        0.9191346168518066,
        0.9173653721809387,
        0.9200192093849182,
        0.9178365468978882,
        0.9202980995178223,
        0.9201154112815857,
        0.9225384593009949,
        0.9226250052452087,
        0.9244711399078369,
        0.9220480918884277,
        0.9243077039718628
    ],
    "valid_accs": [
        0.032932691276073456,
        0.8143269419670105,
        0.8499038219451904,
        0.8672115206718445,
        0.8723077178001404,
        0.8785576820373535,
        0.8791826963424683,
        0.8845192193984985,
        0.8850480914115906,
        0.8865384459495544,
        0.8872596025466919,
        0.8890384435653687,
        0.8883653879165649,
        0.8886057734489441,
        0.8899999856948853,
        0.888942301273346,
        0.8915384411811829,
        0.891153872013092,
        0.8924038410186768,
        0.8913461565971375,
        0.892355740070343,
        0.8916346430778503,
        0.8943750262260437,
        0.8902884721755981,
        0.8935576677322388,
        0.8945192098617554,
        0.897163450717926,
        0.8955288529396057,
        0.8957692384719849,
        0.8947115540504456,
        0.8959615230560303
    ],
    "final_train_acc": 0.9243077039718628,
    "best_val_acc": 0.897163450717926,
    "test_acc": 0.8947115540504456,
    "config": {
        "batch_size": 64,
        "hidden_size": 128,
        "layers": 1,
        "learning_rate": 0.001,
        "l2_decay": 0.0001,
        "dropout": 0.2,
        "activation": "relu",
        "optimizer": "adam",
        "epochs": 30,
        "model": "width-128"
    }
}