{"epochs": [0, 1, 2, 3, 4, 5, 6, 7, 8, 9, 10, 11, 12, 13, 14, 15, 16, 17, 18, 19, 20, 21, 22, 23, 24, 25, 26, 27, 28, 29, 30], "train_losses": [3.2731730937957764, 1.2417879104614258, 0.8652580976486206, 0.7478544116020203, 0.6868688464164734, 0.6481814980506897, 0.6224297881126404, 0.6015561819076538, 0.585025429725647, 0.5707504749298096, 0.5602840185165405, 0.5511575937271118, 0.542483925819397, 0.5352727770805359, 0.5283830165863037, 0.5226380228996277, 0.5178672075271606, 0.5130205750465393, 0.507651686668396, 0.5037299990653992, 0.4991980493068695, 0.4949529767036438, 0.49249067902565, 0.4893079698085785, 0.48540738224983215, 0.4832409918308258, 0.4809226989746094, 0.4779777526855469, 0.47620365023612976, 0.4734373986721039, 0.47073403000831604], "valid_losses": [3.2723474502563477, 0.958754301071167, 0.8063904643058777, 0.7215052247047424, 0.6849495768547058, 0.6599788069725037, 0.6345912218093872, 0.6286399364471436, 0.6166948080062866, 0.6052186489105225, 0.5915825366973877, 0.5848361849784851, 0.5829338431358337, 0.5798442959785461, 0.5811886787414551, 0.5679565668106079, 0.5580100417137146, 0.5631240010261536, 0.5691497921943665, 0.5605573058128357, 0.5560704469680786, 0.560434877872467, 0.5567525625228882, 0.5556460022926331, 0.5505329370498657, 0.5489785075187683, 0.551945686340332, 0.5463201403617859, 0.5451253056526184, 0.543739378452301, 0.5494135022163391], "train_accs": [0.03872115537524223, 0.7242115139961243, 0.7670577168464661, 0.7965384721755981, 0.8092884421348572, 0.8147788643836975, 0.8252980709075928, 0.8274038434028625, 0.8334519267082214, 0.8360384702682495, 0.8408846259117126, 0.8427019119262695, 0.8427403569221497, 0.8429422974586487, 0.8411153554916382, 0.8482211828231812, 0.8524423241615295, 0.8500577211380005, 0.8499807715415955, 0.8525384664535522, 0.8537499904632568, 0.8533461689949036, 0.8552692532539368, 0.8537211418151855, 0.8579038381576538, 0.8591442108154297, 0.8577211499214172, 0.8607403635978699, 0.8606250286102295, 0.8608750104904175, 0.8607884645462036], "valid_accs": [0.03745192289352417, 0.7228845953941345, 0.7625480890274048, 0.7903845906257629, 0.7996634840965271, 0.8065865635871887, 0.8157211542129517, 0.8154807686805725, 0.8204326629638672, 0.8232211470603943, 0.8289422988891602, 0.8303365111351013, 0.8288461565971375, 0.8278365135192871, 0.8262500166893005, 0.8344230651855469, 0.8365865349769592, 0.8333653807640076, 0.8333653807640076, 0.8381249904632568, 0.8360096216201782, 0.8357211351394653, 0.8368269205093384, 0.8359615206718445, 0.8388461470603943, 0.8409615159034729, 0.8368269205093384, 0.8398076891899109, 0.8412981033325195, 0.8422115445137024, 0.8405769467353821], "final_train_acc": 0.8607884645462036, "best_val_acc": 0.8422115445137024, "test_acc": 0.8403365612030029, "config": {"batch_size": 64, "hidden_size": 32, "layers": 1, "learning_rate": 0.001, "l2_decay": 0.0, "dropout": 0.0, "activation": "relu", "optimizer": "adam", "epochs": 30, "model": "width-32"}}