{
    "epochs": [
        0,
        1,
        2,
        3,
        4,
        5,
        6,
        7,
        8,
        9,
        10,
        11,
        12,
        13,
        14,
        15,
        16,
        17,
        18,
        19,
        20,
        21,
        22,
        23,
        24,
        25,
        26,
        27,
        28,
        29,
        30
    ],
    "train_losses": [
        3.2689850330352783,
        2.5237903594970703,
        1.6686803102493286,
        1.4204905033111572,
        1.320528507232666,
        1.2632073163986206,
        1.2238950729370117,
        1.1944763660430908,
        1.1706033945083618,
        1.1508026123046875,
        1.133731722831726,
        1.1192917823791504,
        1.1064305305480957,
        1.0949336290359497,
        1.0843183994293213,
        1.0748940706253052,
        1.0661265850067139,
        1.0579290390014648,
        1.0503591299057007,
        1.043030858039856,
        1.0363634824752808,
        1.0294175148010254,
        1.0232950448989868,
        1.0173628330230713,
        1.0115725994110107,
        1.0058661699295044,
        1.000412106513977,
        0.9951964616775513,
        0.9900311827659607,
        0.9852433800697327,
        0.9805319905281067
    ],
    "valid_losses": [
        3.2684926986694336,
        1.9396616220474243,
        1.5044716596603394,
        1.3657622337341309,
        1.2954148054122925,
        1.2504733800888062,
        1.21791410446167,
        1.1927056312561035,
        1.1716363430023193,
        1.1535621881484985,
        1.1385833024978638,
        1.1259652376174927,
        1.1143009662628174,
        1.1037286520004272,
        1.0929032564163208,
        1.0850067138671875,
        1.0776268243789673,
        1.0701158046722412,
        1.0618987083435059,
        1.055706262588501,
        1.0490901470184326,
        1.0428441762924194,
        1.0376741886138916,
        1.0332427024841309,
        1.0259630680084229,
        1.021472454071045,
        1.0163174867630005,
        1.0107649564743042,
        1.0064643621444702,
        1.0025262832641602,
        0.9968844056129456
    ],
    "train_accs": [
        0.04379807785153389,
        0.4873846173286438,
        0.579730749130249,
        0.6112692356109619,
        0.6305577158927917,
        0.6412884593009949,
        0.6515769362449646,
        0.6593461632728577,
        0.6652211546897888,
        0.6702115535736084,
        0.675000011920929,
        0.6779230833053589,
        0.6829230785369873,
        0.6843557953834534,
        0.6891731023788452,
        0.6916345953941345,
        0.6943269371986389,
        0.6956730484962463,
        0.6985576748847961,
        0.7008461356163025,
        0.701894223690033,
        0.7038365602493286,
        0.7057307958602905,
        0.7078750133514404,
        0.7105095982551575,
        0.7121827006340027,
        0.7136730551719666,
        0.7152692079544067,
        0.7159134745597839,
        0.7181057929992676,
        0.7189711332321167
    ],
    "valid_accs": [
        0.04298076778650284,
        0.48682692646980286,
        0.5750961303710938,
        0.6083653569221497,
        0.6260576844215393,
        0.6375480890274048,
        0.6476442217826843,
        0.6561538577079773,
        0.6635577082633972,
        0.6680288314819336,
        0.6727884411811829,
        0.6755288243293762,
        0.6804807782173157,
        0.680961549282074,
        0.684374988079071,
        0.6854807734489441,
        0.6888461709022522,
        0.6905288696289062,
        0.6937500238418579,
        0.6966345906257629,
        0.6978846192359924,
        0.6999038457870483,
        0.7027884721755981,
        0.7028365135192871,
        0.7065384387969971,
        0.7064903974533081,
        0.7086057662963867,
        0.7086538672447205,
        0.7109134793281555,
        0.7121154069900513,
        0.7121154069900513
    ],
    "final_train_acc": 0.7189711332321167,
    "best_val_acc": 0.7121154069900513,
    "test_acc": 0.7124519348144531,
    "config": {
        "batch_size": 64,
        "hidden_size": 16,
        "layers": 1,
        "learning_rate": 0.0001,
        "l2_decay": 0.0001,
        "dropout": 0.0,
        "activation": "relu",
        "optimizer": "adam",
        "epochs": 30,
        "model": "width-16"
    }
}