{
    "epochs": [
        0,
        1,
        2,
        3,
        4,
        5,
        6,
        7,
        8,
        9,
        10,
        11,
        12,
        13,
        14,
        15,
        16,
        17,
        18,
        19,
        20,
        21,
        22,
        23,
        24,
        25,
        26,
        27,
        28,
        29,
        30
    ],
    "train_losses": [
        3.271022319793701,
        2.1922779083251953,
        1.3732389211654663,
        1.2106724977493286,
        1.1347132921218872,
        1.085815191268921,
        1.0487309694290161,
        1.0182057619094849,
        0.991441547870636,
        0.9673811793327332,
        0.9452002644538879,
        0.9249769449234009,
        0.9057487845420837,
        0.8873559236526489,
        0.8698302507400513,
        0.8530704379081726,
        0.8371803164482117,
        0.8215743899345398,
        0.8065432906150818,
        0.7918363213539124,
        0.7777801752090454,
        0.7641919851303101,
        0.7517567873001099,
        0.740094780921936,
        0.7287977933883667,
        0.7184920310974121,
        0.7087381482124329,
        0.699407696723938,
        0.6907225847244263,
        0.6827044486999512,
        0.6750335097312927
    ],
    "valid_losses": [
        3.271284580230713,
        1.5490309000015259,
        1.2752188444137573,
        1.1769763231277466,
        1.1182818412780762,
        1.0772651433944702,
        1.0455796718597412,
        1.0176163911819458,
        0.992453396320343,
        0.9693458676338196,
        0.949913501739502,
        0.930709958076477,
        0.9126769304275513,
        0.8941149711608887,
        0.8766289949417114,
        0.8619779944419861,
        0.8471078872680664,
        0.8318617343902588,
        0.8169238567352295,
        0.8031286597251892,
        0.7902523279190063,
        0.7775484919548035,
        0.76613849401474,
        0.7550584673881531,
        0.7452616691589355,
        0.7349192500114441,
        0.7259186506271362,
        0.7172040343284607,
        0.7105200886726379,
        0.7025862336158752,
        0.6954302787780762
    ],
    "train_accs": [
        0.0366923063993454,
        0.5925480723381042,
        0.6424134373664856,
        0.6667307615280151,
        0.6861826777458191,
        0.6980000138282776,
        0.7074711322784424,
        0.7159711718559265,
        0.7242980599403381,
        0.7307211756706238,
        0.7362403869628906,
        0.7422596216201782,
        0.7471923232078552,
        0.7519999742507935,
        0.7577211260795593,
        0.7614327073097229,
        0.7659326791763306,
        0.7698172926902771,
        0.7746154069900513,
        0.7778942584991455,
        0.7812211513519287,
        0.7840384840965271,
        0.7874807715415955,
        0.7903172969818115,
        0.793548047542572,
        0.7964903712272644,
        0.7986634373664856,
        0.8009711503982544,
        0.8033654093742371,
        0.8048076629638672,
        0.8072596192359924
    ],
    "valid_accs": [
        0.03735576942563057,
        0.5962499976158142,
        0.6435096263885498,
        0.6671634912490845,
        0.6866827011108398,
        0.6986057758331299,
        0.7084615230560303,
        0.717067301273346,
        0.7239903807640076,
        0.7296634912490845,
        0.735480785369873,
        0.7396634817123413,
        0.7455288171768188,
        0.7484134435653687,
        0.7538461685180664,
        0.7561057806015015,
        0.7617307901382446,
        0.7651923298835754,
        0.7688942551612854,
        0.7732692360877991,
        0.7761057615280151,
        0.7789903879165649,
        0.7810577154159546,
        0.7841826677322388,
        0.7876923084259033,
        0.7906249761581421,
        0.7926923036575317,
        0.7949519157409668,
        0.7971153855323792,
        0.8002884387969971,
        0.8009134531021118
    ],
    "final_train_acc": 0.8072596192359924,
    "best_val_acc": 0.8009134531021118,
    "test_acc": 0.7988461256027222,
    "config": {
        "batch_size": 64,
        "hidden_size": 32,
        "layers": 1,
        "learning_rate": 0.0001,
        "l2_decay": 0.0001,
        "dropout": 0.0,
        "activation": "relu",
        "optimizer": "adam",
        "epochs": 30,
        "model": "width-32"
    }
}