{
    "epochs": [
        0,
        1,
        2,
        3,
        4,
        5,
        6,
        7,
        8,
        9,
        10,
        11,
        12,
        13,
        14,
        15,
        16,
        17,
        18,
        19,
        20,
        21,
        22,
        23,
        24,
        25,
        26,
        27,
        28,
        29,
        30
    ],
    "train_losses": [
        3.268866777420044,
        1.8046902418136597,
        1.4918904304504395,
        1.421309232711792,
        1.3767887353897095,
        1.3493506908416748,
        1.3220878839492798,
        1.3093664646148682,
        1.2882158756256104,
        1.2799350023269653,
        1.2699391841888428,
        1.2653762102127075,
        1.2641874551773071,
        1.2510673999786377,
        1.2527729272842407,
        1.2459098100662231,
        1.243323564529419,
        1.2396448850631714,
        1.2362867593765259,
        1.237041711807251,
        1.2324485778808594,
        1.2308030128479004,
        1.231313943862915,
        1.2289133071899414,
        1.2285677194595337,
        1.2224421501159668,
        1.2262815237045288,
        1.2214757204055786,
        1.2230032682418823,
        1.2183740139007568,
        1.2201588153839111
    ],
    "valid_losses": [
        3.2691266536712646,
        1.2546641826629639,
        1.1444907188415527,
        1.0732247829437256,
        1.0402759313583374,
        1.012768268585205,
        0.9882693290710449,
        0.977594256401062,
        0.9574266672134399,
        0.9503715634346008,
        0.9377379417419434,
        0.936631441116333,
        0.9328598976135254,
        0.9297463893890381,
        0.9223536849021912,
        0.926738440990448,
        0.9164937734603882,
        0.9190528988838196,
        0.9227871298789978,
        0.9165791869163513,
        0.9091325402259827,
        0.910464882850647,
        0.9105456471443176,
        0.9160350561141968,
        0.9039997458457947,
        0.9084755182266235,
        0.9117833375930786,
        0.9035643339157104,
        0.9018398523330688,
        0.9028100371360779,
        0.9033270478248596
    ],
    "train_accs": [
        0.04320192337036133,
        0.6538269519805908,
        0.6824615597724915,
        0.7005480527877808,
        0.7153173089027405,
        0.7181249856948853,
        0.723730742931366,
        0.7251730561256409,
        0.730471134185791,
        0.7327115535736084,
        0.7339038252830505,
        0.7364903688430786,
        0.7366057634353638,
        0.7364903688430786,
        0.7392115592956543,
        0.7429326772689819,
        0.7430865168571472,
        0.7432692050933838,
        0.7422403693199158,
        0.7450577020645142,
        0.7466634511947632,
        0.7457404136657715,
        0.7464423179626465,
        0.7435576915740967,
        0.748971164226532,
        0.7471442222595215,
        0.7476057410240173,
        0.7487788200378418,
        0.7497692108154297,
        0.7479807734489441,
        0.7483749985694885
    ],
    "valid_accs": [
        0.04302884638309479,
        0.651442289352417,
        0.680961549282074,
        0.6958172917366028,
        0.708509624004364,
        0.7147595882415771,
        0.7195672988891602,
        0.7175480723381042,
        0.7239422798156738,
        0.7248557806015015,
        0.7262499928474426,
        0.7298076748847961,
        0.7277404069900513,
        0.7283653616905212,
        0.7293269038200378,
        0.7347115278244019,
        0.7340384721755981,
        0.7336057424545288,
        0.7337499856948853,
        0.7354326844215393,
        0.7362019419670105,
        0.7340865135192871,
        0.7359134554862976,
        0.7340865135192871,
        0.7398557662963867,
        0.736923098564148,
        0.7379326820373535,
        0.7387980818748474,
        0.7373076677322388,
        0.7378846406936646,
        0.7359134554862976
    ],
    "final_train_acc": 0.7483749985694885,
    "best_val_acc": 0.7398557662963867,
    "test_acc": 0.733269214630127,
    "config": {
        "batch_size": 64,
        "hidden_size": 16,
        "layers": 1,
        "learning_rate": 0.001,
        "l2_decay": 0.0,
        "dropout": 0.2,
        "activation": "relu",
        "optimizer": "adam",
        "epochs": 30,
        "model": "width-16"
    }
}