{"epochs": [0, 1, 2, 3, 4, 5, 6, 7, 8, 9, 10, 11, 12, 13, 14, 15, 16, 17, 18, 19, 20, 21, 22, 23, 24, 25, 26, 27, 28, 29, 30], "train_losses": [3.2691967487335205, 0.7296404838562012, 0.4857127368450165, 0.4403627812862396, 0.41522201895713806, 0.39373159408569336, 0.3830487132072449, 0.372167706489563, 0.35955357551574707, 0.34855055809020996, 0.34142735600471497, 0.3333105742931366, 0.3312700688838959, 0.3241833746433258, 0.32257580757141113, 0.31618937849998474, 0.30839675664901733, 0.30968666076660156, 0.3007304072380066, 0.29867494106292725, 0.2971615791320801, 0.2932722866535187, 0.29122039675712585, 0.28996795415878296, 0.28805920481681824, 0.2809799909591675, 0.2779298722743988, 0.27832111716270447, 0.27727386355400085, 0.2748287618160248, 0.2746456265449524], "valid_losses": [3.2693707942962646, 0.45496585965156555, 0.4026331901550293, 0.3982082009315491, 0.39178869128227234, 0.38821735978126526, 0.3862791061401367, 0.37838801741600037, 0.3902569115161896, 0.37737855315208435, 0.3878835439682007, 0.40845590829849243, 0.3994547724723816, 0.4069260358810425, 0.42522573471069336, 0.4122047424316406, 0.4280039668083191, 0.444425106048584, 0.4359794855117798, 0.43807339668273926, 0.44084975123405457, 0.4470672607421875, 0.4575294852256775, 0.45723050832748413, 0.4562562108039856, 0.46298709511756897, 0.4752846658229828, 0.49253615736961365, 0.4642884135246277, 0.4851583242416382, 0.48852303624153137], "train_accs": [0.029182692989706993, 0.8687596321105957, 0.8898557424545288, 0.898192286491394, 0.9074615240097046, 0.9119711518287659, 0.9131826758384705, 0.9191538691520691, 0.9215384721755981, 0.9241538643836975, 0.9265673160552979, 0.9255288243293762, 0.9284807443618774, 0.928163468837738, 0.9281538724899292, 0.9333750009536743, 0.9349327087402344, 0.9337499737739563, 0.9352596402168274, 0.938480794429779, 0.9355288743972778, 0.9397019147872925, 0.9402884840965271, 0.9399518966674805, 0.9410961270332336, 0.9432884454727173, 0.9408077001571655, 0.9428750276565552, 0.947163462638855, 0.942682683467865, 0.9462692141532898], "valid_accs": [0.030576923862099648, 0.859951913356781, 0.876153826713562, 0.8794230818748474, 0.8819230794906616, 0.8844230771064758, 0.8861057758331299, 0.8902403712272644, 0.8918269276618958, 0.8915384411811829, 0.8912980556488037, 0.8907211422920227, 0.8907211422920227, 0.8888461589813232, 0.8888461589813232, 0.8881731033325195, 0.8908653855323792, 0.8877884745597839, 0.8892788290977478, 0.8933172821998596, 0.8895673155784607, 0.8912980556488037, 0.8922595977783203, 0.8906731009483337, 0.8931249976158142, 0.8934134840965271, 0.8885576725006104, 0.892355740070343, 0.8925961256027222, 0.8929327130317688, 0.8907692432403564], "final_train_acc": 0.9462692141532898, "best_val_acc": 0.8934134840965271, "test_acc": 0.8909134864807129, "config": {"batch_size": 64, "hidden_size": 256, "layers": 1, "learning_rate": 0.003, "l2_decay": 0.0, "dropout": 0.2, "activation": "relu", "optimizer": "adam", "epochs": 30, "model": "width-256"}}