{
    "epochs": [
        0,
        1,
        2,
        3,
        4,
        5,
        6,
        7,
        8,
        9,
        10,
        11,
        12,
        13,
        14,
        15,
        16,
        17,
        18,
        19,
        20,
        21,
        22,
        23,
        24,
        25,
        26,
        27,
        28,
        29,
        30
    ],
    "train_losses": [
        3.2664237022399902,
        2.170137643814087,
        1.6758116483688354,
        1.5758224725723267,
        1.5252271890640259,
        1.4917007684707642,
        1.4655436277389526,
        1.4429744482040405,
        1.428011417388916,
        1.4108974933624268,
        1.3971610069274902,
        1.388115406036377,
        1.3786602020263672,
        1.3660351037979126,
        1.3588162660598755,
        1.3535027503967285,
        1.3494995832443237,
        1.3417586088180542,
        1.3388841152191162,
        1.3357417583465576,
        1.3278734683990479,
        1.323195219039917,
        1.3220722675323486,
        1.3174492120742798,
        1.3160513639450073,
        1.3108452558517456,
        1.3073633909225464,
        1.303084135055542,
        1.302106261253357,
        1.2985116243362427,
        1.2955771684646606
    ],
    "valid_losses": [
        3.2667407989501953,
        1.505236268043518,
        1.3294941186904907,
        1.2603696584701538,
        1.2116153240203857,
        1.1780551671981812,
        1.1546385288238525,
        1.129575252532959,
        1.1154775619506836,
        1.099586844444275,
        1.0812795162200928,
        1.0735219717025757,
        1.0599778890609741,
        1.0510138273239136,
        1.0441241264343262,
        1.0420113801956177,
        1.0304744243621826,
        1.025518536567688,
        1.0193722248077393,
        1.018868327140808,
        1.016122817993164,
        1.0133790969848633,
        1.0101865530014038,
        1.0093482732772827,
        1.0047786235809326,
        1.0001466274261475,
        0.9932208061218262,
        0.9897735118865967,
        0.9947932958602905,
        0.9905832409858704,
        0.9838968515396118
    ],
    "train_accs": [
        0.045807693153619766,
        0.5966730713844299,
        0.6323077082633972,
        0.6508942246437073,
        0.6625961661338806,
        0.6707500219345093,
        0.6770865321159363,
        0.6820576786994934,
        0.6852019429206848,
        0.6896538734436035,
        0.6952403783798218,
        0.6966922879219055,
        0.6996346116065979,
        0.7024038434028625,
        0.7059711813926697,
        0.7059038281440735,
        0.7081442475318909,
        0.7099999785423279,
        0.7115769386291504,
        0.713769257068634,
        0.7127307653427124,
        0.7150961756706238,
        0.7152596116065979,
        0.7138461470603943,
        0.7164519429206848,
        0.7192692160606384,
        0.7189134359359741,
        0.7197403907775879,
        0.7198846340179443,
        0.7229711413383484,
        0.7229134440422058
    ],
    "valid_accs": [
        0.0463942289352417,
        0.5936538577079773,
        0.6332692503929138,
        0.6506730914115906,
        0.659375011920929,
        0.6688942313194275,
        0.6737499833106995,
        0.6779326796531677,
        0.6823557615280151,
        0.6875961422920227,
        0.6922596096992493,
        0.6929807662963867,
        0.6973077058792114,
        0.6993269324302673,
        0.7024999856948853,
        0.7017307877540588,
        0.7063461542129517,
        0.7072115540504456,
        0.7097115516662598,
        0.7126442193984985,
        0.7114422917366028,
        0.7132692337036133,
        0.7137019038200378,
        0.7140865325927734,
        0.7142307758331299,
        0.7180288434028625,
        0.7158173322677612,
        0.717644214630127,
        0.7174999713897705,
        0.7209615111351013,
        0.7202884554862976
    ],
    "final_train_acc": 0.7229134440422058,
    "best_val_acc": 0.7209615111351013,
    "test_acc": 0.7172115445137024,
    "config": {
        "batch_size": 64,
        "hidden_size": 16,
        "layers": 1,
        "learning_rate": 0.0003,
        "l2_decay": 0.0,
        "dropout": 0.2,
        "activation": "relu",
        "optimizer": "adam",
        "epochs": 30,
        "model": "width-16"
    }
}