{
    "epochs": [
        0,
        1,
        2,
        3,
        4,
        5,
        6,
        7,
        8,
        9,
        10,
        11,
        12,
        13,
        14,
        15,
        16,
        17,
        18,
        19,
        20,
        21,
        22,
        23,
        24,
        25,
        26,
        27,
        28,
        29,
        30
    ],
    "train_losses": [
        3.2633705139160156,
        1.096147060394287,
        0.6749283075332642,
        0.5570479035377502,
        0.49701350927352905,
        0.4601649343967438,
        0.4363165497779846,
        0.4178895056247711,
        0.40369218587875366,
        0.39257654547691345,
        0.38294997811317444,
        0.3768753111362457,
        0.36973947286605835,
        0.36312294006347656,
        0.3571828305721283,
        0.35232868790626526,
        0.34805938601493835,
        0.3435386121273041,
        0.3385412096977234,
        0.3346126079559326,
        0.33127936720848083,
        0.32855141162872314,
        0.325649231672287,
        0.3242862820625305,
        0.3207091987133026,
        0.31799495220184326,
        0.3159380555152893,
        0.3138850927352905,
        0.3123475909233093,
        0.30986303091049194,
        0.3078029751777649
    ],
    "valid_losses": [
        3.263307809829712,
        0.7852454781532288,
        0.6277448534965515,
        0.5357295870780945,
        0.5123805403709412,
        0.4821680188179016,
        0.4684073030948639,
        0.46509066224098206,
        0.44588109850883484,
        0.4430578052997589,
        0.4370262622833252,
        0.43550094962120056,
        0.4282073974609375,
        0.4301447868347168,
        0.4260171353816986,
        0.4134275019168854,
        0.4176805317401886,
        0.4234999418258667,
        0.42168962955474854,
        0.42217016220092773,
        0.41315847635269165,
        0.40797409415245056,
        0.414474755525589,
        0.40934669971466064,
        0.413371205329895,
        0.4042469263076782,
        0.41089504957199097,
        0.4049121141433716,
        0.40336617827415466,
        0.4056372046470642,
        0.4020119905471802
    ],
    "train_accs": [
        0.03374038636684418,
        0.7776153683662415,
        0.8224326968193054,
        0.8522211313247681,
        0.8600961565971375,
        0.869567334651947,
        0.8754230737686157,
        0.8765288591384888,
        0.8849711418151855,
        0.8865769505500793,
        0.889394223690033,
        0.8894038200378418,
        0.8922788500785828,
        0.8923461437225342,
        0.8930961489677429,
        0.8986153602600098,
        0.8987788558006287,
        0.8968557715415955,
        0.897740364074707,
        0.8976346254348755,
        0.9003750085830688,
        0.9045480489730835,
        0.9026057720184326,
        0.9018173217773438,
        0.9044230580329895,
        0.9061442017555237,
        0.9041538238525391,
        0.9078750014305115,
        0.9086827039718628,
        0.9069904088973999,
        0.9088365435600281
    ],
    "valid_accs": [
        0.032836537808179855,
        0.7743750214576721,
        0.8125961422920227,
        0.8419711589813232,
        0.846298098564148,
        0.8570672869682312,
        0.8608173131942749,
        0.8606730699539185,
        0.8651442527770996,
        0.8667307496070862,
        0.8693749904632568,
        0.8689903616905212,
        0.8702403903007507,
        0.8706730604171753,
        0.869567334651947,
        0.8746153712272644,
        0.8726922869682312,
        0.8733654022216797,
        0.8728846311569214,
        0.8730288743972778,
        0.8739903569221497,
        0.8774518966674805,
        0.8762019276618958,
        0.8751922845840454,
        0.8750481009483337,
        0.8786538243293762,
        0.8760096430778503,
        0.8790384531021118,
        0.8805288672447205,
        0.8782211542129517,
        0.8801442384719849
    ],
    "final_train_acc": 0.9088365435600281,
    "best_val_acc": 0.8805288672447205,
    "test_acc": 0.8797115087509155,
    "config": {
        "batch_size": 64,
        "hidden_size": 64,
        "layers": 1,
        "learning_rate": 0.001,
        "l2_decay": 0.0001,
        "dropout": 0.0,
        "activation": "relu",
        "optimizer": "adam",
        "epochs": 30,
        "model": "width-64"
    }
}