{
    "epochs": [
        0,
        1,
        2,
        3,
        4,
        5,
        6,
        7,
        8,
        9,
        10,
        11,
        12,
        13,
        14,
        15,
        16,
        17,
        18,
        19,
        20,
        21,
        22,
        23,
        24,
        25,
        26,
        27,
        28,
        29,
        30
    ],
    "train_losses": [
        3.2752320766448975,
        1.4796111583709717,
        1.2534152269363403,
        1.2112524509429932,
        1.1773957014083862,
        1.0914983749389648,
        1.0143040418624878,
        0.954578697681427,
        0.9005658626556396,
        0.8789217472076416,
        0.8700471520423889,
        0.8658374547958374,
        0.8611688613891602,
        0.8588016629219055,
        0.8565826416015625,
        0.8476147055625916,
        0.8143497705459595,
        0.7985231280326843,
        0.7907800674438477,
        0.7836109399795532,
        0.7763123512268066,
        0.7702447175979614,
        0.7664989233016968,
        0.7661803364753723,
        0.763787031173706,
        0.7623524069786072,
        0.7616838216781616,
        0.7592822909355164,
        0.7614504098892212,
        0.7591134309768677,
        0.7569108605384827
    ],
    "valid_losses": [
        3.2750988006591797,
        1.301012396812439,
        1.2327759265899658,
        1.1982507705688477,
        1.193332314491272,
        1.0779472589492798,
        0.9965295195579529,
        0.9363042712211609,
        0.9146028757095337,
        0.8878689408302307,
        0.894149899482727,
        0.879185676574707,
        0.8767744302749634,
        0.8999431729316711,
        0.8800644278526306,
        0.8512476682662964,
        0.822498619556427,
        0.8323765397071838,
        0.825115978717804,
        0.7931453585624695,
        0.7883834838867188,
        0.7979989647865295,
        0.7856624722480774,
        0.8033801913261414,
        0.7932430505752563,
        0.7958372831344604,
        0.7892767786979675,
        0.7936458587646484,
        0.78742516040802,
        0.7983683943748474,
        0.7743710279464722
    ],
    "train_accs": [
        0.03797115385532379,
        0.6227788329124451,
        0.646586537361145,
        0.6570192575454712,
        0.6636345982551575,
        0.68672114610672,
        0.7132211327552795,
        0.7307500243186951,
        0.7396634817123413,
        0.7454903721809387,
        0.7469615340232849,
        0.7520769238471985,
        0.750326931476593,
        0.7445576786994934,
        0.7413173317909241,
        0.7603076696395874,
        0.7712019085884094,
        0.7645673155784607,
        0.7694903612136841,
        0.7771057486534119,
        0.780019223690033,
        0.7778557538986206,
        0.7806346416473389,
        0.7747211456298828,
        0.7793461680412292,
        0.7786634564399719,
        0.7836250066757202,
        0.7820192575454712,
        0.7810673117637634,
        0.7771538496017456,
        0.7875673174858093
    ],
    "valid_accs": [
        0.03725961595773697,
        0.6187019348144531,
        0.6424519419670105,
        0.6530769467353821,
        0.660480797290802,
        0.6792307496070862,
        0.705673098564148,
        0.7256730794906616,
        0.7293750047683716,
        0.739759624004364,
        0.7358654141426086,
        0.7460576891899109,
        0.7422115206718445,
        0.7354326844215393,
        0.7335096001625061,
        0.7523077130317688,
        0.7614904046058655,
        0.7570673227310181,
        0.7627403736114502,
        0.7703846096992493,
        0.7691826820373535,
        0.7683653831481934,
        0.7699519395828247,
        0.764471173286438,
        0.7699999809265137,
        0.7683172821998596,
        0.7690384387969971,
        0.7700480818748474,
        0.7700961828231812,
        0.7660576701164246,
        0.775865375995636
    ],
    "final_train_acc": 0.7875673174858093,
    "best_val_acc": 0.775865375995636,
    "test_acc": 0.7785577178001404,
    "config": {
        "batch_size": 64,
        "hidden_size": 16,
        "layers": 1,
        "learning_rate": 0.003,
        "l2_decay": 0.0001,
        "dropout": 0.0,
        "activation": "relu",
        "optimizer": "adam",
        "epochs": 30,
        "model": "width-16"
    }
}