{
    "epochs": [
        0,
        1,
        2,
        3,
        4,
        5,
        6,
        7,
        8,
        9,
        10,
        11,
        12,
        13,
        14,
        15,
        16,
        17,
        18,
        19,
        20,
        21,
        22,
        23,
        24,
        25,
        26,
        27,
        28,
        29,
        30
    ],
    "train_losses": [
        3.2807676792144775,
        1.8481271266937256,
        1.328439474105835,
        1.1984148025512695,
        1.1294324398040771,
        1.0741610527038574,
        1.0375360250473022,
        1.010251522064209,
        0.9851276874542236,
        0.9696859121322632,
        0.9493804574012756,
        0.9416093230247498,
        0.9296765923500061,
        0.9223871231079102,
        0.9128245115280151,
        0.9050207138061523,
        0.8941744565963745,
        0.8904582262039185,
        0.8869444131851196,
        0.881938636302948,
        0.8786656856536865,
        0.874293863773346,
        0.8691669702529907,
        0.8634048700332642,
        0.8586993217468262,
        0.8593065738677979,
        0.854476273059845,
        0.8475240468978882,
        0.8503649234771729,
        0.8429688811302185,
        0.8448114991188049
    ],
    "valid_losses": [
        3.2802302837371826,
        1.240135669708252,
        1.062136173248291,
        0.964287281036377,
        0.8925921320915222,
        0.8474840521812439,
        0.8105177879333496,
        0.7833766937255859,
        0.7582518458366394,
        0.7407160997390747,
        0.7267538905143738,
        0.7143201231956482,
        0.7041364908218384,
        0.6973050832748413,
        0.6899187564849854,
        0.6826449632644653,
        0.6748247146606445,
        0.6732590198516846,
        0.6678043007850647,
        0.6639385223388672,
        0.6594422459602356,
        0.6562817692756653,
        0.6528417468070984,
        0.6492902636528015,
        0.645379900932312,
        0.6417625546455383,
        0.6423882842063904,
        0.635405421257019,
        0.639733076095581,
        0.6334581971168518,
        0.6312469840049744
    ],
    "train_accs": [
        0.03742307797074318,
        0.6600865125656128,
        0.7073653936386108,
        0.735605776309967,
        0.7526922821998596,
        0.7653557658195496,
        0.7749807834625244,
        0.7820384502410889,
        0.7891538739204407,
        0.7931057810783386,
        0.7964903712272644,
        0.7996346354484558,
        0.80291348695755,
        0.8049038648605347,
        0.8080576658248901,
        0.8102115392684937,
        0.8114230632781982,
        0.8120576739311218,
        0.814884603023529,
        0.8153365254402161,
        0.817230761051178,
        0.8174711465835571,
        0.8190000057220459,
        0.8210192322731018,
        0.8218846321105957,
        0.8226442337036133,
        0.8228846192359924,
        0.8236923217773438,
        0.8246057629585266,
        0.8256538510322571,
        0.8259711265563965
    ],
    "valid_accs": [
        0.03697115555405617,
        0.6574519276618958,
        0.7044230699539185,
        0.7309615612030029,
        0.7484134435653687,
        0.7593749761581421,
        0.7703365087509155,
        0.7768269181251526,
        0.7831730842590332,
        0.786682665348053,
        0.7901442050933838,
        0.7950480580329895,
        0.7975480556488037,
        0.8003846406936646,
        0.8021634817123413,
        0.8047115206718445,
        0.8054326772689819,
        0.8058173060417175,
        0.8081250190734863,
        0.8106250166893005,
        0.8106250166893005,
        0.8128365278244019,
        0.8128365278244019,
        0.8148557543754578,
        0.8146153688430786,
        0.8157692551612854,
        0.8160576820373535,
        0.8161057829856873,
        0.815625011920929,
        0.8174999952316284,
        0.817932665348053
    ],
    "final_train_acc": 0.8259711265563965,
    "best_val_acc": 0.817932665348053,
    "test_acc": 0.8151442408561707,
    "config": {
        "batch_size": 64,
        "hidden_size": 32,
        "layers": 1,
        "learning_rate": 0.0003,
        "l2_decay": 0.0,
        "dropout": 0.2,
        "activation": "relu",
        "optimizer": "adam",
        "epochs": 30,
        "model": "width-32"
    }
}