{"epochs": [0, 1, 2, 3, 4, 5, 6, 7, 8, 9, 10, 11, 12, 13, 14, 15, 16, 17, 18, 19, 20, 21, 22, 23, 24, 25, 26, 27, 28, 29, 30], "train_losses": [3.266153335571289, 1.4986766576766968, 1.1487270593643188, 1.0544954538345337, 1.010768175125122, 0.9852445721626282, 0.9624523520469666, 0.9489647746086121, 0.934711217880249, 0.926217257976532, 0.9146315455436707, 0.9038382768630981, 0.9022647142410278, 0.8902539014816284, 0.8732892274856567, 0.8604173064231873, 0.8558156490325928, 0.8480048775672913, 0.8425117135047913, 0.8424517512321472, 0.8380057215690613, 0.8303862810134888, 0.8303470611572266, 0.8267951607704163, 0.82260662317276, 0.8238149285316467, 0.8243942260742188, 0.8179343342781067, 0.8199809193611145, 0.8146713972091675, 0.8123061060905457], "valid_losses": [3.2661783695220947, 1.011031985282898, 0.8700768947601318, 0.7995190620422363, 0.7723033428192139, 0.7485082745552063, 0.7308710813522339, 0.7142251133918762, 0.7024235129356384, 0.693203330039978, 0.6839611530303955, 0.679806113243103, 0.6765537858009338, 0.6700683832168579, 0.6550464034080505, 0.6461255550384521, 0.6408597230911255, 0.6423048377037048, 0.6340839266777039, 0.6318318843841553, 0.6278635859489441, 0.6246054172515869, 0.6249528527259827, 0.6226285696029663, 0.6227141618728638, 0.6152343153953552, 0.6259342432022095, 0.6203052997589111, 0.6175409555435181, 0.6139883995056152, 0.6112685203552246], "train_accs": [0.039461538195610046, 0.718173086643219, 0.7575192451477051, 0.7777596116065979, 0.7875673174858093, 0.7940384745597839, 0.7983173131942749, 0.8042019009590149, 0.8063942193984985, 0.8093172907829285, 0.8105961680412292, 0.813028872013092, 0.8158749938011169, 0.8164711594581604, 0.8218557834625244, 0.8261250257492065, 0.8273942470550537, 0.8258269429206848, 0.8275384902954102, 0.8297595977783203, 0.8304615616798401, 0.8296634554862976, 0.8316346406936646, 0.8314231038093567, 0.8332019448280334, 0.8344807624816895, 0.8343846201896667, 0.8344519138336182, 0.8345480561256409, 0.834538459777832, 0.8356730937957764], "valid_accs": [0.04057692363858223, 0.7149999737739563, 0.7530769109725952, 0.7754807472229004, 0.7784615159034729, 0.7857211828231812, 0.7910577058792114, 0.7936538457870483, 0.7975480556488037, 0.7981250286102295, 0.8026922941207886, 0.8028846383094788, 0.8057692050933838, 0.8056250214576721, 0.8092788457870483, 0.8127403855323792, 0.8142788410186768, 0.813653826713562, 0.8156730532646179, 0.8164423108100891, 0.8180288672447205, 0.819038450717926, 0.8185096383094788, 0.8168749809265137, 0.8222115635871887, 0.8209615349769592, 0.8191826939582825, 0.8199038505554199, 0.8197596073150635, 0.8209134340286255, 0.8206730484962463], "final_train_acc": 0.8356730937957764, "best_val_acc": 0.8222115635871887, "test_acc": 0.8229807615280151, "config": {"batch_size": 64, "hidden_size": 32, "layers": 1, "learning_rate": 0.001, "l2_decay": 0.0001, "dropout": 0.2, "activation": "relu", "optimizer": "adam", "epochs": 30, "model": "width-32"}}