{
    "epochs": [
        0,
        1,
        2,
        3,
        4,
        5,
        6,
        7,
        8,
        9,
        10,
        11,
        12,
        13,
        14,
        15,
        16,
        17,
        18,
        19,
        20,
        21,
        22,
        23,
        24,
        25,
        26,
        27,
        28,
        29,
        30
    ],
    "train_losses": [
        3.255990743637085,
        1.844926118850708,
        1.237829566001892,
        1.1003975868225098,
        1.002261757850647,
        0.9193533658981323,
        0.8498890995979309,
        0.7972026467323303,
        0.7499699592590332,
        0.7117453217506409,
        0.6836636066436768,
        0.656117856502533,
        0.6338531970977783,
        0.6174637079238892,
        0.6028413772583008,
        0.5866581797599792,
        0.5751238465309143,
        0.5617712736129761,
        0.5507107973098755,
        0.5378749370574951,
        0.5313855409622192,
        0.5250980854034424,
        0.5166041851043701,
        0.5095449686050415,
        0.5025067329406738,
        0.4946899116039276,
        0.4903178811073303,
        0.4840816855430603,
        0.47972172498703003,
        0.47420307993888855,
        0.4716789424419403
    ],
    "valid_losses": [
        3.255774974822998,
        1.268787145614624,
        1.0853291749954224,
        0.9784030318260193,
        0.8890477418899536,
        0.8140328526496887,
        0.7528879046440125,
        0.7043590545654297,
        0.6598731279373169,
        0.6255496740341187,
        0.5977899432182312,
        0.5745997428894043,
        0.5551418662071228,
        0.537230372428894,
        0.5213394165039062,
        0.5090957283973694,
        0.4984162747859955,
        0.4866330623626709,
        0.47778522968292236,
        0.4702564477920532,
        0.46279850602149963,
        0.4555802047252655,
        0.4501655399799347,
        0.4429992735385895,
        0.43810445070266724,
        0.43298184871673584,
        0.4290449023246765,
        0.42436185479164124,
        0.4217482805252075,
        0.4163370430469513,
        0.41341614723205566
    ],
    "train_accs": [
        0.03444230929017067,
        0.6498172879219055,
        0.6983653903007507,
        0.7299038171768188,
        0.75525963306427,
        0.7760192155838013,
        0.7955288290977478,
        0.8085769414901733,
        0.820519208908081,
        0.8292403817176819,
        0.8374230861663818,
        0.8433076739311218,
        0.8487788438796997,
        0.8535768985748291,
        0.8578172922134399,
        0.8611442446708679,
        0.8651250004768372,
        0.8676249980926514,
        0.8705096244812012,
        0.8728557825088501,
        0.8753557801246643,
        0.8772692084312439,
        0.8795769214630127,
        0.8813750147819519,
        0.8831827044487,
        0.8846538662910461,
        0.8865095973014832,
        0.8877307772636414,
        0.8886826634407043,
        0.8904423117637634,
        0.8916442394256592
    ],
    "valid_accs": [
        0.03697115555405617,
        0.647740364074707,
        0.6975961327552795,
        0.7291346192359924,
        0.7512019276618958,
        0.7711538672447205,
        0.7887980937957764,
        0.800000011920929,
        0.8122115135192871,
        0.8231250047683716,
        0.8304807543754578,
        0.8375480771064758,
        0.8414422869682312,
        0.8469711542129517,
        0.8501442074775696,
        0.8537499904632568,
        0.8557692170143127,
        0.8596634864807129,
        0.8598076701164246,
        0.8607692122459412,
        0.8625480532646179,
        0.8645672798156738,
        0.8672596216201782,
        0.8675961494445801,
        0.8694711327552795,
        0.8715865612030029,
        0.8723077178001404,
        0.8745192289352417,
        0.8730288743972778,
        0.8756250143051147,
        0.8760576844215393
    ],
    "final_train_acc": 0.8916442394256592,
    "best_val_acc": 0.8760576844215393,
    "test_acc": 0.8783653974533081,
    "config": {
        "batch_size": 64,
        "hidden_size": 128,
        "layers": 1,
        "learning_rate": 0.0001,
        "l2_decay": 0.0001,
        "dropout": 0.2,
        "activation": "relu",
        "optimizer": "adam",
        "epochs": 30,
        "model": "width-128"
    }
}