{
    "epochs": [
        0,
        1,
        2,
        3,
        4,
        5,
        6,
        7,
        8,
        9,
        10,
        11,
        12,
        13,
        14,
        15,
        16,
        17,
        18,
        19,
        20,
        21,
        22,
        23,
        24,
        25,
        26,
        27,
        28,
        29,
        30
    ],
    "train_losses": [
        3.277595043182373,
        2.6715469360351562,
        2.0565831661224365,
        1.8502241373062134,
        1.733547568321228,
        1.671790361404419,
        1.62037193775177,
        1.584471344947815,
        1.5627422332763672,
        1.533829927444458,
        1.5209505558013916,
        1.506250262260437,
        1.4876313209533691,
        1.4784486293792725,
        1.468105435371399,
        1.4590098857879639,
        1.4522708654403687,
        1.4428013563156128,
        1.4323711395263672,
        1.427587866783142,
        1.4200655221939087,
        1.411996841430664,
        1.4071699380874634,
        1.3995426893234253,
        1.4000035524368286,
        1.3925915956497192,
        1.3886170387268066,
        1.3816508054733276,
        1.3834128379821777,
        1.3764783143997192,
        1.3693208694458008
    ],
    "valid_losses": [
        3.277522087097168,
        2.072124719619751,
        1.6949671506881714,
        1.528148889541626,
        1.425679087638855,
        1.3656697273254395,
        1.3227964639663696,
        1.284868836402893,
        1.2594512701034546,
        1.236986517906189,
        1.219314455986023,
        1.203096628189087,
        1.1897603273391724,
        1.173789143562317,
        1.1607766151428223,
        1.1527823209762573,
        1.145127534866333,
        1.1357957124710083,
        1.1266578435897827,
        1.1175224781036377,
        1.1100016832351685,
        1.106564998626709,
        1.0981487035751343,
        1.092191219329834,
        1.087751030921936,
        1.0782887935638428,
        1.0761678218841553,
        1.0709961652755737,
        1.0687917470932007,
        1.0633583068847656,
        1.0566951036453247
    ],
    "train_accs": [
        0.04040384665131569,
        0.4740384519100189,
        0.5606538653373718,
        0.5953365564346313,
        0.615913450717926,
        0.628451943397522,
        0.6375480890274048,
        0.6457307934761047,
        0.6518269181251526,
        0.6569807529449463,
        0.6620769500732422,
        0.6664134860038757,
        0.671625018119812,
        0.6745961308479309,
        0.6799615621566772,
        0.6824711561203003,
        0.6849327087402344,
        0.686673104763031,
        0.6897884607315063,
        0.6918172836303711,
        0.6942499876022339,
        0.6958172917366028,
        0.6974615454673767,
        0.6986634731292725,
        0.6996923089027405,
        0.7011346220970154,
        0.7034711241722107,
        0.7039807438850403,
        0.7047981023788452,
        0.7060673236846924,
        0.7078173160552979
    ],
    "valid_accs": [
        0.04086538404226303,
        0.47216346859931946,
        0.559951901435852,
        0.5951442122459412,
        0.6121634840965271,
        0.6247596144676208,
        0.6361057758331299,
        0.6434615254402161,
        0.6500480771064758,
        0.6536057591438293,
        0.6585577130317688,
        0.6631730794906616,
        0.6673076748847961,
        0.670144259929657,
        0.6754807829856873,
        0.6788461804389954,
        0.6817307472229004,
        0.6836538314819336,
        0.6860576868057251,
        0.688653826713562,
        0.6899518966674805,
        0.6925961375236511,
        0.692932665348053,
        0.6941826939582825,
        0.696586549282074,
        0.6975961327552795,
        0.699999988079071,
        0.6999519467353821,
        0.6995673179626465,
        0.7008653879165649,
        0.7024038434028625
    ],
    "final_train_acc": 0.7078173160552979,
    "best_val_acc": 0.7024038434028625,
    "test_acc": 0.7035576701164246,
    "config": {
        "batch_size": 64,
        "hidden_size": 16,
        "layers": 1,
        "learning_rate": 0.0001,
        "l2_decay": 0.0,
        "dropout": 0.2,
        "activation": "relu",
        "optimizer": "adam",
        "epochs": 30,
        "model": "width-16"
    }
}