{
    "epochs": [
        0,
        1,
        2,
        3,
        4,
        5,
        6,
        7,
        8,
        9,
        10,
        11,
        12,
        13,
        14,
        15,
        16,
        17,
        18,
        19,
        20,
        21,
        22,
        23,
        24,
        25,
        26,
        27,
        28,
        29,
        30
    ],
    "train_losses": [
        3.256956100463867,
        0.7226255536079407,
        0.44132447242736816,
        0.39467310905456543,
        0.3696458041667938,
        0.35417744517326355,
        0.3445388376712799,
        0.33494833111763,
        0.3288620710372925,
        0.3218647837638855,
        0.31805750727653503,
        0.3157956600189209,
        0.31360840797424316,
        0.3086142838001251,
        0.3061693608760834,
        0.3032163381576538,
        0.3021486699581146,
        0.3025786876678467,
        0.300131231546402,
        0.2982979118824005,
        0.29852819442749023,
        0.29663556814193726,
        0.29452618956565857,
        0.29534751176834106,
        0.29285019636154175,
        0.2902671992778778,
        0.29089468717575073,
        0.2937856912612915,
        0.2924940586090088,
        0.28930169343948364,
        0.2894454002380371
    ],
    "valid_losses": [
        3.257237434387207,
        0.49102479219436646,
        0.43451932072639465,
        0.4229546785354614,
        0.422981321811676,
        0.42861703038215637,
        0.4086402356624603,
        0.38693946599960327,
        0.3846302330493927,
        0.38698139786720276,
        0.389512300491333,
        0.39201900362968445,
        0.39151349663734436,
        0.3841274082660675,
        0.3670716881752014,
        0.36835813522338867,
        0.3732907474040985,
        0.3851247727870941,
        0.4000117778778076,
        0.388322114944458,
        0.380192369222641,
        0.3881903886795044,
        0.370486319065094,
        0.3704909682273865,
        0.3726666569709778,
        0.3871154189109802,
        0.37372100353240967,
        0.36891278624534607,
        0.37680983543395996,
        0.3877936005592346,
        0.37337401509284973
    ],
    "train_accs": [
        0.0400865375995636,
        0.8591827154159546,
        0.8800672888755798,
        0.8884134888648987,
        0.890999972820282,
        0.891451895236969,
        0.8951346278190613,
        0.9015384912490845,
        0.9060384631156921,
        0.9024999737739563,
        0.9026346206665039,
        0.9040961265563965,
        0.9047307968139648,
        0.9078654050827026,
        0.9106442332267761,
        0.9113749861717224,
        0.9137595891952515,
        0.9063942432403564,
        0.9023076891899109,
        0.9089422821998596,
        0.9085192084312439,
        0.9072884321212769,
        0.9133269190788269,
        0.9089711308479309,
        0.9104230999946594,
        0.9081249833106995,
        0.9112211465835571,
        0.911884605884552,
        0.9112403988838196,
        0.9086057543754578,
        0.9123653769493103
    ],
    "valid_accs": [
        0.03807692229747772,
        0.8509615659713745,
        0.8650480508804321,
        0.8706250190734863,
        0.8726922869682312,
        0.8694230914115906,
        0.8716346025466919,
        0.8779326677322388,
        0.8793269395828247,
        0.8785576820373535,
        0.8797596096992493,
        0.8806730508804321,
        0.8807211518287659,
        0.8812019228935242,
        0.8838461637496948,
        0.8846153616905212,
        0.8861538171768188,
        0.8815865516662598,
        0.8774518966674805,
        0.8816826939582825,
        0.8800961375236511,
        0.8805288672447205,
        0.885240375995636,
        0.8832211494445801,
        0.8839423060417175,
        0.8804807662963867,
        0.8838461637496948,
        0.8857211470603943,
        0.88692307472229,
        0.8799999952316284,
        0.886394202709198
    ],
    "final_train_acc": 0.9123653769493103,
    "best_val_acc": 0.88692307472229,
    "test_acc": 0.886394202709198,
    "config": {
        "batch_size": 64,
        "hidden_size": 128,
        "layers": 1,
        "learning_rate": 0.003,
        "l2_decay": 0.0001,
        "dropout": 0.0,
        "activation": "relu",
        "optimizer": "adam",
        "epochs": 30,
        "model": "width-128"
    }
}