{
    "epochs": [
        0,
        1,
        2,
        3,
        4,
        5,
        6,
        7,
        8,
        9,
        10,
        11,
        12,
        13,
        14,
        15,
        16,
        17,
        18,
        19,
        20,
        21,
        22,
        23,
        24,
        25,
        26,
        27,
        28,
        29,
        30
    ],
    "train_losses": [
        3.2641761302948,
        1.600006103515625,
        1.1074919700622559,
        0.9600849151611328,
        0.8662546277046204,
        0.807303249835968,
        0.7632139325141907,
        0.7322720885276794,
        0.7100540995597839,
        0.6899545788764954,
        0.6737571954727173,
        0.6612136363983154,
        0.6478297710418701,
        0.6386696100234985,
        0.6290359497070312,
        0.6195513010025024,
        0.6140186786651611,
        0.6067478060722351,
        0.5995011925697327,
        0.5956078171730042,
        0.5902778506278992,
        0.5850715041160583,
        0.5794218182563782,
        0.5748157501220703,
        0.5740833282470703,
        0.5692736506462097,
        0.5645858645439148,
        0.5640876889228821,
        0.557742178440094,
        0.5543741583824158,
        0.5511727929115295
    ],
    "valid_losses": [
        3.263775587081909,
        1.0941990613937378,
        0.8964172601699829,
        0.7775015234947205,
        0.7012525796890259,
        0.6511225700378418,
        0.6155710816383362,
        0.5885416865348816,
        0.5697864294052124,
        0.5513921976089478,
        0.5391244888305664,
        0.5295068621635437,
        0.5216265916824341,
        0.5121684670448303,
        0.5053250789642334,
        0.5032715797424316,
        0.4971553385257721,
        0.4909331202507019,
        0.4865756332874298,
        0.4820893406867981,
        0.48079752922058105,
        0.478873610496521,
        0.475416362285614,
        0.473454087972641,
        0.47218796610832214,
        0.46765977144241333,
        0.465066522359848,
        0.4634280502796173,
        0.46452346444129944,
        0.4584546387195587,
        0.4580951929092407
    ],
    "train_accs": [
        0.03982692211866379,
        0.6954903602600098,
        0.7521057724952698,
        0.7838942408561707,
        0.8046923279762268,
        0.8199615478515625,
        0.8315384387969971,
        0.8384711742401123,
        0.8432788252830505,
        0.8491153717041016,
        0.8526923060417175,
        0.8559423089027405,
        0.8585000038146973,
        0.8613557815551758,
        0.8640288710594177,
        0.8640480637550354,
        0.8669134378433228,
        0.867682695388794,
        0.8709999918937683,
        0.8712788224220276,
        0.8728942275047302,
        0.8734230995178223,
        0.8738846182823181,
        0.8758557438850403,
        0.8765769004821777,
        0.8775769472122192,
        0.8786153793334961,
        0.879153847694397,
        0.8799038529396057,
        0.88103848695755,
        0.8819711804389954
    ],
    "valid_accs": [
        0.039615385234355927,
        0.696009635925293,
        0.7463942170143127,
        0.7804807424545288,
        0.7992788553237915,
        0.8120192289352417,
        0.8212019205093384,
        0.8286057710647583,
        0.8342788219451904,
        0.8377403616905212,
        0.8409134745597839,
        0.8434134721755981,
        0.844326913356781,
        0.8489422798156738,
        0.8509134650230408,
        0.8488461375236511,
        0.8507211804389954,
        0.852259635925293,
        0.8538461327552795,
        0.8549038171768188,
        0.8565384745597839,
        0.8552404046058655,
        0.8563461303710938,
        0.8574519157409668,
        0.8572596311569214,
        0.8586538434028625,
        0.8600961565971375,
        0.8595192432403564,
        0.8590865135192871,
        0.8614903688430786,
        0.8612980842590332
    ],
    "final_train_acc": 0.8819711804389954,
    "best_val_acc": 0.8614903688430786,
    "test_acc": 0.8650000095367432,
    "config": {
        "batch_size": 64,
        "hidden_size": 64,
        "layers": 1,
        "learning_rate": 0.0003,
        "l2_decay": 0.0,
        "dropout": 0.2,
        "activation": "relu",
        "optimizer": "adam",
        "epochs": 30,
        "model": "width-64"
    }
}