{
    "epochs": [
        0,
        1,
        2,
        3,
        4,
        5,
        6,
        7,
        8,
        9,
        10,
        11,
        12,
        13,
        14,
        15,
        16,
        17,
        18,
        19,
        20,
        21,
        22,
        23,
        24,
        25,
        26,
        27,
        28,
        29,
        30
    ],
    "train_losses": [
        3.2752914428710938,
        1.8161567449569702,
        1.6290857791900635,
        1.5752922296524048,
        1.5517536401748657,
        1.5358633995056152,
        1.4748921394348145,
        1.4139436483383179,
        1.3713773488998413,
        1.3414051532745361,
        1.3257064819335938,
        1.3221490383148193,
        1.3125070333480835,
        1.2706162929534912,
        1.2652162313461304,
        1.264628291130066,
        1.2578542232513428,
        1.2571077346801758,
        1.2564821243286133,
        1.2526185512542725,
        1.252393126487732,
        1.2545634508132935,
        1.2539432048797607,
        1.2444201707839966,
        1.2567737102508545,
        1.2495479583740234,
        1.2471014261245728,
        1.2482300996780396,
        1.2441563606262207,
        1.2465417385101318,
        1.2474242448806763
    ],
    "valid_losses": [
        3.2747983932495117,
        1.3167616128921509,
        1.2434654235839844,
        1.1960889101028442,
        1.1854826211929321,
        1.1801470518112183,
        1.0978044271469116,
        1.0778541564941406,
        1.015993595123291,
        0.9936656951904297,
        0.9779399037361145,
        0.9798901081085205,
        0.9602600336074829,
        0.942453920841217,
        0.9477725028991699,
        0.9453678131103516,
        0.9192329049110413,
        0.928439199924469,
        0.926554262638092,
        0.9258395433425903,
        0.9275729656219482,
        0.9342269897460938,
        0.9179983139038086,
        0.9148812890052795,
        0.9289668798446655,
        0.9274102449417114,
        0.9216758608818054,
        0.912219226360321,
        0.9145873785018921,
        0.9300733208656311,
        0.9148009419441223
    ],
    "train_accs": [
        0.03648076951503754,
        0.6311730742454529,
        0.6471538543701172,
        0.6594615578651428,
        0.6686634421348572,
        0.6614711284637451,
        0.6871346235275269,
        0.6913942098617554,
        0.7160096168518066,
        0.7153365612030029,
        0.7243461608886719,
        0.7232596278190613,
        0.7259134650230408,
        0.733221173286438,
        0.7340576648712158,
        0.7332500219345093,
        0.7403942346572876,
        0.7388365268707275,
        0.742884635925293,
        0.7419903874397278,
        0.743461549282074,
        0.7383173108100891,
        0.7459422945976257,
        0.7420480847358704,
        0.7423750162124634,
        0.7434038519859314,
        0.7432884573936462,
        0.7454134821891785,
        0.7449807524681091,
        0.7417211532592773,
        0.742432713508606
    ],
    "valid_accs": [
        0.03754807636141777,
        0.6265865564346313,
        0.6424038410186768,
        0.6561538577079773,
        0.6646153926849365,
        0.6592788696289062,
        0.6820192337036133,
        0.6870192289352417,
        0.7095192074775696,
        0.709086537361145,
        0.7168750166893005,
        0.7176923155784607,
        0.7172115445137024,
        0.7223557829856873,
        0.7267788648605347,
        0.7249038219451904,
        0.7324038743972778,
        0.7281730771064758,
        0.7321634888648987,
        0.7336057424545288,
        0.7343268990516663,
        0.7280769348144531,
        0.7341346144676208,
        0.729519248008728,
        0.7308173179626465,
        0.734903872013092,
        0.7327884435653687,
        0.7364903688430786,
        0.7353846430778503,
        0.7346153855323792,
        0.7319711446762085
    ],
    "final_train_acc": 0.742432713508606,
    "best_val_acc": 0.7364903688430786,
    "test_acc": 0.7347115278244019,
    "config": {
        "batch_size": 64,
        "hidden_size": 16,
        "layers": 1,
        "learning_rate": 0.003,
        "l2_decay": 0.0001,
        "dropout": 0.2,
        "activation": "relu",
        "optimizer": "adam",
        "epochs": 30,
        "model": "width-16"
    }
}