{
    "epochs": [
        0,
        1,
        2,
        3,
        4,
        5,
        6,
        7,
        8,
        9,
        10,
        11,
        12,
        13,
        14,
        15,
        16,
        17,
        18,
        19,
        20,
        21,
        22,
        23,
        24,
        25,
        26,
        27,
        28,
        29,
        30
    ],
    "train_losses": [
        3.2710156440734863,
        2.379790782928467,
        1.6760634183883667,
        1.493195652961731,
        1.4001137018203735,
        1.3342487812042236,
        1.287359356880188,
        1.2511640787124634,
        1.217546820640564,
        1.1903268098831177,
        1.1706836223602295,
        1.1514853239059448,
        1.1332379579544067,
        1.1165159940719604,
        1.1003398895263672,
        1.0864334106445312,
        1.075958251953125,
        1.0654680728912354,
        1.0529820919036865,
        1.0429272651672363,
        1.036346197128296,
        1.0273264646530151,
        1.0184022188186646,
        1.0125718116760254,
        1.0031286478042603,
        0.9998946785926819,
        0.9879310131072998,
        0.9871184825897217,
        0.9799144268035889,
        0.9763546586036682,
        0.9688628315925598
    ],
    "valid_losses": [
        3.2702481746673584,
        1.6864928007125854,
        1.3729454278945923,
        1.2495068311691284,
        1.1727650165557861,
        1.1178568601608276,
        1.0763808488845825,
        1.04222571849823,
        1.0090824365615845,
        0.983251690864563,
        0.9617874026298523,
        0.9402557015419006,
        0.9235020875930786,
        0.9052757024765015,
        0.8905048370361328,
        0.8764579892158508,
        0.8654951453208923,
        0.8537241816520691,
        0.8414398431777954,
        0.8328059315681458,
        0.8225591778755188,
        0.8124521374702454,
        0.8068485856056213,
        0.7998784780502319,
        0.7903829216957092,
        0.7838014364242554,
        0.7767026424407959,
        0.7700494527816772,
        0.7667907476425171,
        0.7595860958099365,
        0.7543163895606995
    ],
    "train_accs": [
        0.042298078536987305,
        0.5712980628013611,
        0.6271442174911499,
        0.6546057462692261,
        0.6746634840965271,
        0.6882307529449463,
        0.6997788548469543,
        0.7078461647033691,
        0.7176057696342468,
        0.7247307896614075,
        0.7306923270225525,
        0.7358942031860352,
        0.7416250109672546,
        0.7450384497642517,
        0.7513365149497986,
        0.7557404041290283,
        0.7583557963371277,
        0.7612307667732239,
        0.7646346092224121,
        0.7686634659767151,
        0.7711153626441956,
        0.7741826772689819,
        0.7751826643943787,
        0.7772788405418396,
        0.7804615497589111,
        0.7819807529449463,
        0.7844615578651428,
        0.7864807844161987,
        0.7875769138336182,
        0.7894518971443176,
        0.7906442284584045
    ],
    "valid_accs": [
        0.04168269410729408,
        0.5672115087509155,
        0.6247115135192871,
        0.6524519324302673,
        0.6710096001625061,
        0.6828365325927734,
        0.6970673203468323,
        0.7046154141426086,
        0.7148557901382446,
        0.7213942408561707,
        0.7273076772689819,
        0.7325480580329895,
        0.7398557662963867,
        0.7415865659713745,
        0.748269259929657,
        0.7516345977783203,
        0.7551922798156738,
        0.7562980651855469,
        0.7591826915740967,
        0.763076901435852,
        0.7651923298835754,
        0.7681249976158142,
        0.7702403664588928,
        0.7713461518287659,
        0.7743269205093384,
        0.775865375995636,
        0.7777403593063354,
        0.7798557877540588,
        0.780673086643219,
        0.7820192575454712,
        0.7836057543754578
    ],
    "final_train_acc": 0.7906442284584045,
    "best_val_acc": 0.7836057543754578,
    "test_acc": 0.786057710647583,
    "config": {
        "batch_size": 64,
        "hidden_size": 32,
        "layers": 1,
        "learning_rate": 0.0001,
        "l2_decay": 0.0,
        "dropout": 0.2,
        "activation": "relu",
        "optimizer": "adam",
        "epochs": 30,
        "model": "width-32"
    }
}