{
    "epochs": [
        0,
        1,
        2,
        3,
        4,
        5,
        6,
        7,
        8,
        9,
        10,
        11,
        12,
        13,
        14,
        15,
        16,
        17,
        18,
        19,
        20,
        21,
        22,
        23,
        24,
        25,
        26,
        27,
        28,
        29,
        30
    ],
    "train_losses": [
        3.2853121757507324,
        1.755407452583313,
        1.5209100246429443,
        1.481764554977417,
        1.459454894065857,
        1.4428766965866089,
        1.430420994758606,
        1.4222922325134277,
        1.4156113862991333,
        1.4088813066482544,
        1.4097105264663696,
        1.4016389846801758,
        1.4031333923339844,
        1.403954267501831,
        1.3985095024108887,
        1.399084448814392,
        1.3955258131027222,
        1.3913527727127075,
        1.3953044414520264,
        1.3899564743041992,
        1.3869524002075195,
        1.38804030418396,
        1.3871325254440308,
        1.3853626251220703,
        1.3842064142227173,
        1.38309645652771,
        1.3843847513198853,
        1.3849461078643799,
        1.3828169107437134,
        1.3819384574890137,
        1.3794020414352417
    ],
    "valid_losses": [
        3.2852580547332764,
        1.2163329124450684,
        1.177696704864502,
        1.1162742376327515,
        1.0990455150604248,
        1.0821086168289185,
        1.0769553184509277,
        1.0647624731063843,
        1.067025065422058,
        1.0567078590393066,
        1.0414302349090576,
        1.0544424057006836,
        1.0530946254730225,
        1.0528939962387085,
        1.0557130575180054,
        1.0480091571807861,
        1.043827772140503,
        1.0450395345687866,
        1.0379725694656372,
        1.056150197982788,
        1.0455656051635742,
        1.0534228086471558,
        1.0457066297531128,
        1.046046257019043,
        1.0476993322372437,
        1.0471354722976685,
        1.0423201322555542,
        1.0428301095962524,
        1.0392290353775024,
        1.0462963581085205,
        1.0378673076629639
    ],
    "train_accs": [
        0.038769230246543884,
        0.6545384526252747,
        0.6665961742401123,
        0.681913435459137,
        0.6877980828285217,
        0.6886923313140869,
        0.6914904117584229,
        0.6928269267082214,
        0.6960576772689819,
        0.6960769295692444,
        0.7041922807693481,
        0.6978942155838013,
        0.7014230489730835,
        0.697288453578949,
        0.7045577168464661,
        0.7049038410186768,
        0.7035192251205444,
        0.7035288214683533,
        0.708509624004364,
        0.703048050403595,
        0.7065095901489258,
        0.7051346302032471,
        0.7108269333839417,
        0.701519250869751,
        0.7038942575454712,
        0.7070480585098267,
        0.7117211818695068,
        0.7075576782226562,
        0.7099038362503052,
        0.7077019214630127,
        0.710365355014801
    ],
    "valid_accs": [
        0.038894232362508774,
        0.6544230580329895,
        0.6625480651855469,
        0.6755288243293762,
        0.6842788457870483,
        0.6865865588188171,
        0.6864423155784607,
        0.6872115135192871,
        0.6916826963424683,
        0.6890384554862976,
        0.6989423036575317,
        0.692932665348053,
        0.6941826939582825,
        0.6927403807640076,
        0.697740375995636,
        0.6996153593063354,
        0.6999038457870483,
        0.6962500214576721,
        0.7013461589813232,
        0.6983653903007507,
        0.7002403736114502,
        0.6958653926849365,
        0.7003846168518066,
        0.6930769085884094,
        0.6945192217826843,
        0.6948557496070862,
        0.7011538743972778,
        0.6974519491195679,
        0.6978365182876587,
        0.6961538195610046,
        0.6993269324302673
    ],
    "final_train_acc": 0.710365355014801,
    "best_val_acc": 0.7013461589813232,
    "test_acc": 0.6947596073150635,
    "config": {
        "batch_size": 64,
        "hidden_size": 16,
        "layers": 1,
        "learning_rate": 0.003,
        "l2_decay": 0.0,
        "dropout": 0.2,
        "activation": "relu",
        "optimizer": "adam",
        "epochs": 30,
        "model": "width-16"
    }
}