{
    "epochs": [
        0,
        1,
        2,
        3,
        4,
        5,
        6,
        7,
        8,
        9,
        10,
        11,
        12,
        13,
        14,
        15,
        16,
        17,
        18,
        19,
        20,
        21,
        22,
        23,
        24,
        25,
        26,
        27,
        28,
        29,
        30
    ],
    "train_losses": [
        3.27103853225708,
        1.6104331016540527,
        1.110697627067566,
        1.012251377105713,
        0.9368483424186707,
        0.8716223239898682,
        0.8179541826248169,
        0.7755640149116516,
        0.7417662143707275,
        0.7138065099716187,
        0.690578818321228,
        0.6715136766433716,
        0.6539560556411743,
        0.6386291980743408,
        0.625557005405426,
        0.6135932803153992,
        0.6027126908302307,
        0.593056321144104,
        0.584015429019928,
        0.5754699110984802,
        0.5682665705680847,
        0.5605849027633667,
        0.5545990467071533,
        0.548491358757019,
        0.5425853133201599,
        0.5373550057411194,
        0.5319541096687317,
        0.5265719294548035,
        0.5222958922386169,
        0.5180474519729614,
        0.5134977698326111
    ],
    "valid_losses": [
        3.2713611125946045,
        1.1913440227508545,
        1.060136318206787,
        0.9828051924705505,
        0.9162136316299438,
        0.8564180731773376,
        0.8147708773612976,
        0.7762967348098755,
        0.7471434473991394,
        0.7219527363777161,
        0.7006093859672546,
        0.6867604851722717,
        0.6708922386169434,
        0.659324049949646,
        0.6474403142929077,
        0.6365048885345459,
        0.6260929107666016,
        0.6199596524238586,
        0.6142663955688477,
        0.6052628755569458,
        0.5991571545600891,
        0.5917994976043701,
        0.5895118713378906,
        0.5856167078018188,
        0.5780690908432007,
        0.5711073875427246,
        0.5690237283706665,
        0.5675777792930603,
        0.5625403523445129,
        0.5574612617492676,
        0.5564973950386047
    ],
    "train_accs": [
        0.03544230759143829,
        0.6595384478569031,
        0.7011826634407043,
        0.7248557806015015,
        0.7458557486534119,
        0.7615865468978882,
        0.7735288739204407,
        0.7835192084312439,
        0.7936634421348572,
        0.8007884621620178,
        0.8058942556381226,
        0.8097596168518066,
        0.8147403597831726,
        0.816653847694397,
        0.8209999799728394,
        0.824173092842102,
        0.8279807567596436,
        0.8298845887184143,
        0.8313654065132141,
        0.8342307806015015,
        0.8350288271903992,
        0.8366442322731018,
        0.8387307524681091,
        0.8397788405418396,
        0.8425480723381042,
        0.8449711799621582,
        0.8458461761474609,
        0.8463076949119568,
        0.8484230637550354,
        0.8496826887130737,
        0.8498653769493103
    ],
    "valid_accs": [
        0.03644230589270592,
        0.65995192527771,
        0.6999519467353821,
        0.7243269085884094,
        0.741490364074707,
        0.7574519515037537,
        0.7670192122459412,
        0.7793750166893005,
        0.7857211828231812,
        0.7933173179626465,
        0.7993268966674805,
        0.8036538362503052,
        0.8060095906257629,
        0.8086538314819336,
        0.8109134435653687,
        0.8124038577079773,
        0.816778838634491,
        0.8164904117584229,
        0.8217307925224304,
        0.8214904069900513,
        0.8231731057167053,
        0.8257211446762085,
        0.8278365135192871,
        0.8283653855323792,
        0.829278826713562,
        0.8326442241668701,
        0.8325480818748474,
        0.8337980508804321,
        0.8349999785423279,
        0.8380288481712341,
        0.833557665348053
    ],
    "final_train_acc": 0.8498653769493103,
    "best_val_acc": 0.8380288481712341,
    "test_acc": 0.8367788195610046,
    "config": {
        "batch_size": 64,
        "hidden_size": 32,
        "layers": 1,
        "learning_rate": 0.0003,
        "l2_decay": 0.0001,
        "dropout": 0.0,
        "activation": "relu",
        "optimizer": "adam",
        "epochs": 30,
        "model": "width-32"
    }
}