{
    "epochs": [
        0,
        1,
        2,
        3,
        4,
        5,
        6,
        7,
        8,
        9,
        10,
        11,
        12,
        13,
        14,
        15,
        16,
        17,
        18,
        19,
        20,
        21,
        22,
        23,
        24,
        25,
        26,
        27,
        28,
        29,
        30
    ],
    "train_losses": [
        3.2490615844726562,
        0.710180938243866,
        0.4298206865787506,
        0.37811991572380066,
        0.3448565602302551,
        0.3255763351917267,
        0.30992746353149414,
        0.29654181003570557,
        0.284389853477478,
        0.2757185101509094,
        0.2675483524799347,
        0.2615824043750763,
        0.2533858120441437,
        0.2444962114095688,
        0.2431042641401291,
        0.23845165967941284,
        0.23168474435806274,
        0.2267405390739441,
        0.22217445075511932,
        0.218540757894516,
        0.2159922569990158,
        0.2130504846572876,
        0.20757220685482025,
        0.2080189287662506,
        0.20104452967643738,
        0.19896210730075836,
        0.19650033116340637,
        0.19430746138095856,
        0.19204093515872955,
        0.19257615506649017,
        0.1859579086303711
    ],
    "valid_losses": [
        3.2488183975219727,
        0.47762995958328247,
        0.4428851902484894,
        0.42714065313339233,
        0.41544458270072937,
        0.3853617310523987,
        0.4216015636920929,
        0.4097544848918915,
        0.4244096577167511,
        0.42929568886756897,
        0.41224440932273865,
        0.43051719665527344,
        0.4295431673526764,
        0.43642187118530273,
        0.46021828055381775,
        0.46063724160194397,
        0.4625873267650604,
        0.4809088110923767,
        0.4958922863006592,
        0.4978218376636505,
        0.5126498937606812,
        0.5451095700263977,
        0.5124872326850891,
        0.5368787050247192,
        0.5321048498153687,
        0.5416557192802429,
        0.5473094582557678,
        0.5686284899711609,
        0.5519160628318787,
        0.5739865303039551,
        0.5783547163009644
    ],
    "train_accs": [
        0.04899038374423981,
        0.8642211556434631,
        0.8787211775779724,
        0.8884711265563965,
        0.9004327058792114,
        0.9103268980979919,
        0.9048076868057251,
        0.9139519333839417,
        0.9128749966621399,
        0.9129615426063538,
        0.9222596287727356,
        0.9210000038146973,
        0.9264134764671326,
        0.9275673031806946,
        0.9236730933189392,
        0.927586555480957,
        0.9303172826766968,
        0.9301634430885315,
        0.9272403717041016,
        0.9312499761581421,
        0.9292981028556824,
        0.9254422783851624,
        0.9360865354537964,
        0.9329038262367249,
        0.937576949596405,
        0.9378942251205444,
        0.9420384764671326,
        0.9384230971336365,
        0.9436153769493103,
        0.9437980651855469,
        0.9430673122406006
    ],
    "valid_accs": [
        0.05028846114873886,
        0.8505288362503052,
        0.8615384697914124,
        0.8676442503929138,
        0.8742307424545288,
        0.8824038505554199,
        0.8743269443511963,
        0.8793269395828247,
        0.879230797290802,
        0.8751922845840454,
        0.8819711804389954,
        0.8790865540504456,
        0.884086549282074,
        0.8834615349769592,
        0.8800480961799622,
        0.8807211518287659,
        0.8824999928474426,
        0.8811538219451904,
        0.8793749809265137,
        0.8787980675697327,
        0.8771634697914124,
        0.8740865588188171,
        0.8822596073150635,
        0.8784134387969971,
        0.8779326677322388,
        0.8774038553237915,
        0.8796153664588928,
        0.879230797290802,
        0.8768269419670105,
        0.8776922821998596,
        0.8789904117584229
    ],
    "final_train_acc": 0.9430673122406006,
    "best_val_acc": 0.884086549282074,
    "test_acc": 0.8780769109725952,
    "config": {
        "batch_size": 64,
        "hidden_size": 128,
        "layers": 1,
        "learning_rate": 0.003,
        "l2_decay": 0.0,
        "dropout": 0.0,
        "activation": "relu",
        "optimizer": "adam",
        "epochs": 30,
        "model": "width-128"
    }
}