{
    "epochs": [
        0,
        1,
        2,
        3,
        4,
        5,
        6,
        7,
        8,
        9,
        10,
        11,
        12,
        13,
        14,
        15,
        16,
        17,
        18,
        19,
        20,
        21,
        22,
        23,
        24,
        25,
        26,
        27,
        28,
        29,
        30
    ],
    "train_losses": [
        3.270516872406006,
        1.875935673713684,
        1.4769620895385742,
        1.4251196384429932,
        1.3830294609069824,
        1.3595936298370361,
        1.3267951011657715,
        1.3092799186706543,
        1.2965201139450073,
        1.2810685634613037,
        1.2776192426681519,
        1.2642053365707397,
        1.2659378051757812,
        1.2593778371810913,
        1.2561137676239014,
        1.2524429559707642,
        1.2476149797439575,
        1.2445207834243774,
        1.2401468753814697,
        1.2364834547042847,
        1.2375805377960205,
        1.2331267595291138,
        1.234365701675415,
        1.233915090560913,
        1.2284659147262573,
        1.2258023023605347,
        1.227716326713562,
        1.225481629371643,
        1.221205711364746,
        1.221580147743225,
        1.217378854751587
    ],
    "valid_losses": [
        3.2708895206451416,
        1.254732370376587,
        1.1220638751983643,
        1.0795515775680542,
        1.0322953462600708,
        0.9988887906074524,
        0.9813821315765381,
        0.977063000202179,
        0.9629630446434021,
        0.9459654688835144,
        0.931826651096344,
        0.940025806427002,
        0.9341139793395996,
        0.9263389110565186,
        0.930774986743927,
        0.9191105961799622,
        0.9154664874076843,
        0.9246318936347961,
        0.9183592796325684,
        0.9150508642196655,
        0.9226558804512024,
        0.9234923124313354,
        0.9149091839790344,
        0.9094675779342651,
        0.9205520153045654,
        0.9014549851417542,
        0.908288836479187,
        0.9054419994354248,
        0.9020999073982239,
        0.8964497447013855,
        0.8937551379203796
    ],
    "train_accs": [
        0.0345480777323246,
        0.6529518961906433,
        0.6900672912597656,
        0.7058269381523132,
        0.7186346054077148,
        0.7268269062042236,
        0.7332403659820557,
        0.7322884798049927,
        0.7392788529396057,
        0.7434134483337402,
        0.7453269362449646,
        0.7452211380004883,
        0.7477596402168274,
        0.7476345896720886,
        0.7505673170089722,
        0.7509615421295166,
        0.7519038319587708,
        0.7487980723381042,
        0.7494519352912903,
        0.752384603023529,
        0.7498077154159546,
        0.7451826930046082,
        0.7519807815551758,
        0.7519711256027222,
        0.7518172860145569,
        0.7522788643836975,
        0.7532019019126892,
        0.7528749704360962,
        0.7574038505554199,
        0.755634605884552,
        0.7521730661392212
    ],
    "valid_accs": [
        0.03524038568139076,
        0.6510577201843262,
        0.6878365278244019,
        0.7045673131942749,
        0.7158173322677612,
        0.7257692217826843,
        0.7308173179626465,
        0.7297115325927734,
        0.7344711422920227,
        0.7382211685180664,
        0.740913450717926,
        0.7383173108100891,
        0.7375961542129517,
        0.7391346096992493,
        0.7399038672447205,
        0.7418749928474426,
        0.7435095906257629,
        0.7407211661338806,
        0.7383173108100891,
        0.7417788505554199,
        0.7382692098617554,
        0.7359134554862976,
        0.7410095930099487,
        0.7414423227310181,
        0.7430288195610046,
        0.7417307496070862,
        0.7444711327552795,
        0.7426922917366028,
        0.7460576891899109,
        0.7462019324302673,
        0.7429326772689819
    ],
    "final_train_acc": 0.7521730661392212,
    "best_val_acc": 0.7462019324302673,
    "test_acc": 0.7447115182876587,
    "config": {
        "batch_size": 64,
        "hidden_size": 16,
        "layers": 1,
        "learning_rate": 0.001,
        "l2_decay": 0.0001,
        "dropout": 0.2,
        "activation": "relu",
        "optimizer": "adam",
        "epochs": 30,
        "model": "width-16"
    }
}