{
    "epochs": [
        0,
        1,
        2,
        3,
        4,
        5,
        6,
        7,
        8,
        9,
        10,
        11,
        12,
        13,
        14,
        15,
        16,
        17,
        18,
        19,
        20,
        21,
        22,
        23,
        24,
        25,
        26,
        27,
        28,
        29,
        30
    ],
    "train_losses": [
        3.268305540084839,
        1.0979970693588257,
        0.6550093293190002,
        0.5337514281272888,
        0.4739982485771179,
        0.4388316571712494,
        0.4140923321247101,
        0.39481377601623535,
        0.3793542683124542,
        0.36878231167793274,
        0.35904380679130554,
        0.35040244460105896,
        0.34247198700904846,
        0.3345739245414734,
        0.32822251319885254,
        0.3228796720504761,
        0.31821709871292114,
        0.313243567943573,
        0.3085730969905853,
        0.30447280406951904,
        0.3012956380844116,
        0.2961128354072571,
        0.29364803433418274,
        0.2905315160751343,
        0.2880133092403412,
        0.28311800956726074,
        0.28238120675086975,
        0.27855968475341797,
        0.27759483456611633,
        0.27424708008766174,
        0.27087947726249695
    ],
    "valid_losses": [
        3.2680625915527344,
        0.7759964466094971,
        0.5997558236122131,
        0.5152072310447693,
        0.4822467565536499,
        0.46257010102272034,
        0.4541603922843933,
        0.4381931722164154,
        0.43511372804641724,
        0.4229041337966919,
        0.42991840839385986,
        0.420706182718277,
        0.42604735493659973,
        0.426598459482193,
        0.41834744811058044,
        0.4105559289455414,
        0.40971145033836365,
        0.4191161096096039,
        0.41663986444473267,
        0.4171912670135498,
        0.41924378275871277,
        0.41361573338508606,
        0.42903926968574524,
        0.4281076192855835,
        0.41949543356895447,
        0.4235782027244568,
        0.4278271496295929,
        0.42103251814842224,
        0.41919437050819397,
        0.4291679561138153,
        0.4331861436367035
    ],
    "train_accs": [
        0.03375000134110451,
        0.782528817653656,
        0.8299134373664856,
        0.8572692275047302,
        0.8681923151016235,
        0.8756346106529236,
        0.8810480833053589,
        0.88536536693573,
        0.8911442160606384,
        0.8949326872825623,
        0.894980788230896,
        0.8973076939582825,
        0.8982884883880615,
        0.8970961570739746,
        0.901442289352417,
        0.9057499766349792,
        0.9077884554862976,
        0.9051057696342468,
        0.9084903597831726,
        0.9089711308479309,
        0.9082211256027222,
        0.9114038348197937,
        0.9095961451530457,
        0.9089326858520508,
        0.9145672917366028,
        0.9154807925224304,
        0.9137884378433228,
        0.9188269376754761,
        0.9204615354537964,
        0.9191923141479492,
        0.9173269271850586
    ],
    "valid_accs": [
        0.03480769321322441,
        0.7799038290977478,
        0.8245673179626465,
        0.8479326963424683,
        0.8559134602546692,
        0.8634615540504456,
        0.8654326796531677,
        0.8685576915740967,
        0.8706250190734863,
        0.8728365302085876,
        0.8719711303710938,
        0.8749038577079773,
        0.8724038600921631,
        0.8721153736114502,
        0.8730769157409668,
        0.8777884840965271,
        0.8791826963424683,
        0.875576913356781,
        0.8779326677322388,
        0.8775961399078369,
        0.8753365278244019,
        0.8784134387969971,
        0.8758653998374939,
        0.875,
        0.8782692551612854,
        0.8770192265510559,
        0.8766345977783203,
        0.8796634674072266,
        0.8770192265510559,
        0.875576913356781,
        0.8778365254402161
    ],
    "final_train_acc": 0.9173269271850586,
    "best_val_acc": 0.8796634674072266,
    "test_acc": 0.8754326701164246,
    "config": {
        "batch_size": 64,
        "hidden_size": 64,
        "layers": 1,
        "learning_rate": 0.001,
        "l2_decay": 0.0,
        "dropout": 0.0,
        "activation": "relu",
        "optimizer": "adam",
        "epochs": 30,
        "model": "width-64"
    }
}