{"epochs": [0, 1, 2, 3, 4, 5, 6, 7, 8, 9, 10, 11, 12, 13, 14, 15, 16, 17, 18, 19, 20, 21, 22, 23, 24, 25, 26, 27, 28, 29, 30], "train_losses": [3.260937452316284, 1.487684965133667, 1.1253334283828735, 1.0434490442276, 0.9943204522132874, 0.9666921496391296, 0.946271538734436, 0.9307420253753662, 0.911980152130127, 0.9017325639724731, 0.8935587406158447, 0.8848515748977661, 0.8757671117782593, 0.8666218519210815, 0.8619568347930908, 0.8572471737861633, 0.8531321883201599, 0.8439409732818604, 0.8435259461402893, 0.8341434597969055, 0.8345744609832764, 0.8292227983474731, 0.8242029547691345, 0.8256792426109314, 0.8229678273200989, 0.8205327391624451, 0.8166146278381348, 0.8150534629821777, 0.8137023448944092, 0.811362087726593, 0.809662938117981], "valid_losses": [3.261115074157715, 0.9816685914993286, 0.855701744556427, 0.7897831201553345, 0.7460518479347229, 0.7241585850715637, 0.7078142762184143, 0.6946316361427307, 0.6775172352790833, 0.6679078340530396, 0.6630022525787354, 0.6609438061714172, 0.6518630385398865, 0.6464627981185913, 0.6478061676025391, 0.6374689936637878, 0.6309390664100647, 0.6347611546516418, 0.6283984184265137, 0.6237059235572815, 0.6246468424797058, 0.6217688322067261, 0.6197412610054016, 0.6202498078346252, 0.6218908429145813, 0.6134687662124634, 0.6204590201377869, 0.6120336651802063, 0.6212218403816223, 0.6128919720649719, 0.6136379241943359], "train_accs": [0.042249999940395355, 0.7276153564453125, 0.7622211575508118, 0.780019223690033, 0.7925865650177002, 0.7975673079490662, 0.8027019500732422, 0.8073077201843262, 0.8121346235275269, 0.8155288696289062, 0.8175672888755798, 0.8183653950691223, 0.8217019438743591, 0.8208557963371277, 0.822490394115448, 0.8247788548469543, 0.8273365497589111, 0.8261826634407043, 0.8285192251205444, 0.8314903974533081, 0.8306442499160767, 0.8301057815551758, 0.8323942422866821, 0.8320961594581604, 0.8340384364128113, 0.8366442322731018, 0.8358653783798218, 0.8367884755134583, 0.8348461389541626, 0.8379615545272827, 0.8364230990409851], "valid_accs": [0.04177884757518768, 0.7250961661338806, 0.7573557496070862, 0.7757211327552795, 0.788365364074707, 0.7934615612030029, 0.7977884411811829, 0.8004807829856873, 0.8062499761581421, 0.8103846311569214, 0.8095673322677612, 0.8109615445137024, 0.8104326725006104, 0.8124038577079773, 0.8125481009483337, 0.8148557543754578, 0.8190865516662598, 0.8148077130317688, 0.8164423108100891, 0.818461537361145, 0.8180769085884094, 0.817307710647583, 0.8187500238418579, 0.8170673251152039, 0.8208653926849365, 0.8212980628013611, 0.8207211494445801, 0.8237500190734863, 0.818461537361145, 0.823317289352417, 0.8203846216201782], "final_train_acc": 0.8364230990409851, "best_val_acc": 0.8237500190734863, "test_acc": 0.8205769062042236, "config": {"batch_size": 64, "hidden_size": 32, "layers": 1, "learning_rate": 0.001, "l2_decay": 0.0, "dropout": 0.2, "activation": "relu", "optimizer": "adam", "epochs": 30, "model": "width-32"}}