{
    "epochs": [
        0,
        1,
        2,
        3,
        4,
        5,
        6,
        7,
        8,
        9,
        10,
        11,
        12,
        13,
        14,
        15,
        16,
        17,
        18,
        19,
        20,
        21,
        22,
        23,
        24,
        25,
        26,
        27,
        28,
        29,
        30
    ],
    "train_losses": [
        3.2676093578338623,
        1.2990843057632446,
        0.834712564945221,
        0.6595813035964966,
        0.5559203028678894,
        0.4924854338169098,
        0.44914087653160095,
        0.4174996614456177,
        0.3926701843738556,
        0.3726288974285126,
        0.3558270335197449,
        0.3427101969718933,
        0.3298178017139435,
        0.3188488483428955,
        0.30963432788848877,
        0.3007566034793854,
        0.2926594913005829,
        0.286158949136734,
        0.2790775001049042,
        0.2725434899330139,
        0.26667243242263794,
        0.26131516695022583,
        0.25634631514549255,
        0.2518734633922577,
        0.24702852964401245,
        0.2425069808959961,
        0.23871684074401855,
        0.23468104004859924,
        0.23128999769687653,
        0.22695180773735046,
        0.2236177921295166
    ],
    "valid_losses": [
        3.2673606872558594,
        0.9599005579948425,
        0.7414435744285583,
        0.6118248105049133,
        0.541049599647522,
        0.49092814326286316,
        0.4642148017883301,
        0.4403916597366333,
        0.42196735739707947,
        0.4068866968154907,
        0.39565688371658325,
        0.3884756863117218,
        0.3829745650291443,
        0.3797251880168915,
        0.3718549609184265,
        0.36361438035964966,
        0.35810387134552,
        0.3606821596622467,
        0.3590003252029419,
        0.3555152118206024,
        0.35107433795928955,
        0.349173903465271,
        0.35128217935562134,
        0.3522051274776459,
        0.3522513508796692,
        0.34492984414100647,
        0.3469689190387726,
        0.3455686569213867,
        0.3407479226589203,
        0.34411582350730896,
        0.3447785973548889
    ],
    "train_accs": [
        0.035884615033864975,
        0.7304903864860535,
        0.793749988079071,
        0.8325576782226562,
        0.8524326682090759,
        0.8668076992034912,
        0.875903844833374,
        0.8841345906257629,
        0.8903557658195496,
        0.8956442475318909,
        0.8998076915740967,
        0.9019904136657715,
        0.9042884707450867,
        0.9055384397506714,
        0.9082403779029846,
        0.9125480651855469,
        0.9157692193984985,
        0.9163557887077332,
        0.9174807667732239,
        0.9192884564399719,
        0.9213076829910278,
        0.9230673313140869,
        0.9237980842590332,
        0.9230192303657532,
        0.925125002861023,
        0.9294711351394653,
        0.9283269047737122,
        0.9310576915740967,
        0.9338076710700989,
        0.9327403903007507,
        0.9336346387863159
    ],
    "valid_accs": [
        0.035913459956645966,
        0.7287980914115906,
        0.7868269085884094,
        0.8258172869682312,
        0.8415384888648987,
        0.8540384769439697,
        0.8612019419670105,
        0.8675961494445801,
        0.8730288743972778,
        0.8765865564346313,
        0.8802403807640076,
        0.8812019228935242,
        0.8844230771064758,
        0.8842307925224304,
        0.8836538195610046,
        0.8877403736114502,
        0.8898557424545288,
        0.890048086643219,
        0.891153872013092,
        0.8910096287727356,
        0.8937980532646179,
        0.8919230699539185,
        0.8943750262260437,
        0.8920192122459412,
        0.8932692408561707,
        0.8955288529396057,
        0.894855797290802,
        0.895432710647583,
        0.8974999785423279,
        0.895432710647583,
        0.8972115516662598
    ],
    "final_train_acc": 0.9336346387863159,
    "best_val_acc": 0.8974999785423279,
    "test_acc": 0.8931249976158142,
    "config": {
        "batch_size": 64,
        "hidden_size": 128,
        "layers": 1,
        "learning_rate": 0.0003,
        "l2_decay": 0.0,
        "dropout": 0.0,
        "activation": "relu",
        "optimizer": "adam",
        "epochs": 30,
        "model": "width-128"
    }
}