{
    "epochs": [
        0,
        1,
        2,
        3,
        4,
        5,
        6,
        7,
        8,
        9,
        10,
        11,
        12,
        13,
        14,
        15,
        16,
        17,
        18,
        19,
        20,
        21,
        22,
        23,
        24,
        25,
        26,
        27,
        28,
        29,
        30
    ],
    "train_losses": [
        3.2630910873413086,
        1.591362714767456,
        1.0973342657089233,
        0.9581331014633179,
        0.8707945346832275,
        0.8150808215141296,
        0.7708461284637451,
        0.7429086565971375,
        0.7150455713272095,
        0.6953032612800598,
        0.6804243326187134,
        0.6662689447402954,
        0.6560141444206238,
        0.6432400941848755,
        0.6354304552078247,
        0.6259717345237732,
        0.616479218006134,
        0.6125398278236389,
        0.6041142344474792,
        0.6021180748939514,
        0.5948115587234497,
        0.5881114602088928,
        0.5850306153297424,
        0.581762969493866,
        0.5752317905426025,
        0.5727975368499756,
        0.5690851211547852,
        0.5653852820396423,
        0.5661081075668335,
        0.559046745300293,
        0.5562293529510498
    ],
    "valid_losses": [
        3.2635340690612793,
        1.0843268632888794,
        0.8925691843032837,
        0.7842258810997009,
        0.711841881275177,
        0.6615563035011292,
        0.6258006691932678,
        0.5989134907722473,
        0.5755797624588013,
        0.5563438534736633,
        0.5447282791137695,
        0.5330344438552856,
        0.5246198177337646,
        0.5145599246025085,
        0.5069693326950073,
        0.5023584961891174,
        0.4945773482322693,
        0.4897810220718384,
        0.48478296399116516,
        0.48252126574516296,
        0.4777153730392456,
        0.4748227596282959,
        0.4714227616786957,
        0.46793925762176514,
        0.46441274881362915,
        0.46071529388427734,
        0.45958998799324036,
        0.45489785075187683,
        0.45751145482063293,
        0.4529055655002594,
        0.4517418146133423
    ],
    "train_accs": [
        0.05079807713627815,
        0.6993173360824585,
        0.7535576820373535,
        0.7840961813926697,
        0.8045384883880615,
        0.8180192112922668,
        0.8290672898292542,
        0.8340384364128113,
        0.8414903879165649,
        0.8470192551612854,
        0.8504807949066162,
        0.8535192012786865,
        0.8562211394309998,
        0.8601154088973999,
        0.8619038462638855,
        0.8632403612136841,
        0.8663365244865417,
        0.8675768971443176,
        0.869288444519043,
        0.8704326748847961,
        0.8719230890274048,
        0.8726634383201599,
        0.8738846182823181,
        0.8762211799621582,
        0.8766345977783203,
        0.8774999976158142,
        0.8780288696289062,
        0.879278838634491,
        0.8797596096992493,
        0.8813942074775696,
        0.8809230923652649
    ],
    "valid_accs": [
        0.05048076808452606,
        0.6996153593063354,
        0.7504807710647583,
        0.78125,
        0.7984615564346313,
        0.8106730580329895,
        0.8216826915740967,
        0.8279807567596436,
        0.8344230651855469,
        0.8401442170143127,
        0.8436057567596436,
        0.8477404117584229,
        0.8492788672447205,
        0.8514903783798218,
        0.8521153926849365,
        0.854567289352417,
        0.8565865159034729,
        0.8571153879165649,
        0.8581249713897705,
        0.8589903712272644,
        0.8602403998374939,
        0.8600480556488037,
        0.8613461256027222,
        0.8614903688430786,
        0.8632211685180664,
        0.8648557662963867,
        0.8645672798156738,
        0.8650961518287659,
        0.8664423227310181,
        0.8669711351394653,
        0.8652884364128113
    ],
    "final_train_acc": 0.8809230923652649,
    "best_val_acc": 0.8669711351394653,
    "test_acc": 0.8667307496070862,
    "config": {
        "batch_size": 64,
        "hidden_size": 64,
        "layers": 1,
        "learning_rate": 0.0003,
        "l2_decay": 0.0001,
        "dropout": 0.2,
        "activation": "relu",
        "optimizer": "adam",
        "epochs": 30,
        "model": "width-64"
    }
}