{
    "epochs": [
        0,
        1,
        2,
        3,
        4,
        5,
        6,
        7,
        8,
        9,
        10,
        11,
        12,
        13,
        14,
        15,
        16,
        17,
        18,
        19,
        20,
        21,
        22,
        23,
        24,
        25,
        26,
        27,
        28,
        29,
        30
    ],
    "train_losses": [
        3.2686877250671387,
        0.835343062877655,
        0.5334746837615967,
        0.4800546169281006,
        0.44634586572647095,
        0.42510753870010376,
        0.40844759345054626,
        0.39524075388908386,
        0.38258999586105347,
        0.37664151191711426,
        0.3670900762081146,
        0.36398932337760925,
        0.35680752992630005,
        0.35156217217445374,
        0.3472781777381897,
        0.34174609184265137,
        0.3386474549770355,
        0.33608192205429077,
        0.3314228951931,
        0.32922878861427307,
        0.3255836069583893,
        0.3242354393005371,
        0.31927192211151123,
        0.31865617632865906,
        0.31655141711235046,
        0.31123846769332886,
        0.3123761713504791,
        0.30940550565719604,
        0.30887570977211,
        0.30625322461128235,
        0.30226215720176697
    ],
    "valid_losses": [
        3.268674612045288,
        0.582902193069458,
        0.5333974361419678,
        0.5002607703208923,
        0.4825754463672638,
        0.477691650390625,
        0.47500061988830566,
        0.4817450940608978,
        0.48905423283576965,
        0.4795658588409424,
        0.4643205404281616,
        0.4773534834384918,
        0.49387314915657043,
        0.48041456937789917,
        0.48215845227241516,
        0.4611409306526184,
        0.4767962098121643,
        0.4797572195529938,
        0.49727338552474976,
        0.4901196360588074,
        0.49082401394844055,
        0.4816490709781647,
        0.4868335425853729,
        0.48637229204177856,
        0.4902293384075165,
        0.49272555112838745,
        0.507046639919281,
        0.4980567395687103,
        0.4875732362270355,
        0.511638343334198,
        0.5013993978500366
    ],
    "train_accs": [
        0.03513461723923683,
        0.8352019190788269,
        0.85271155834198,
        0.8643653988838196,
        0.8747692108154297,
        0.8779903650283813,
        0.8809999823570251,
        0.8810576796531677,
        0.8836538195610046,
        0.883884608745575,
        0.8935480713844299,
        0.8903653621673584,
        0.8884711265563965,
        0.8933653831481934,
        0.8933653831481934,
        0.9010192155838013,
        0.9002019166946411,
        0.9006922841072083,
        0.8950192332267761,
        0.8988365530967712,
        0.900942325592041,
        0.901721179485321,
        0.9032692313194275,
        0.9050288200378418,
        0.9060577154159546,
        0.9077788591384888,
        0.9037981033325195,
        0.9063942432403564,
        0.9096249938011169,
        0.9042884707450867,
        0.9060384631156921
    ],
    "valid_accs": [
        0.03461538627743721,
        0.8268749713897705,
        0.8387019038200378,
        0.8484615087509155,
        0.8546153903007507,
        0.8567307591438293,
        0.8597596287727356,
        0.8551923036575317,
        0.8569711446762085,
        0.8574038743972778,
        0.864759624004364,
        0.8637019395828247,
        0.8565384745597839,
        0.8608654141426086,
        0.8567307591438293,
        0.865913450717926,
        0.865913450717926,
        0.8662499785423279,
        0.8587019443511963,
        0.8612499833106995,
        0.8623557686805725,
        0.8622596263885498,
        0.8640384674072266,
        0.8620672821998596,
        0.8656730651855469,
        0.8640865087509155,
        0.8600000143051147,
        0.8654807806015015,
        0.8631250262260437,
        0.8587019443511963,
        0.8623557686805725
    ],
    "final_train_acc": 0.9060384631156921,
    "best_val_acc": 0.8662499785423279,
    "test_acc": 0.8632211685180664,
    "config": {
        "batch_size": 64,
        "hidden_size": 64,
        "layers": 1,
        "learning_rate": 0.003,
        "l2_decay": 0.0,
        "dropout": 0.0,
        "activation": "relu",
        "optimizer": "adam",
        "epochs": 30,
        "model": "width-64"
    }
}