{
    "epochs": [
        0,
        1,
        2,
        3,
        4,
        5,
        6,
        7,
        8,
        9,
        10,
        11,
        12,
        13,
        14,
        15,
        16,
        17,
        18,
        19,
        20,
        21,
        22,
        23,
        24,
        25,
        26,
        27,
        28,
        29,
        30
    ],
    "train_losses": [
        3.2699856758117676,
        1.118410587310791,
        0.8518980741500854,
        0.7981768846511841,
        0.767197847366333,
        0.7477346658706665,
        0.7339670062065125,
        0.7187458872795105,
        0.7103946805000305,
        0.6982369422912598,
        0.6951687932014465,
        0.6817277669906616,
        0.6806395053863525,
        0.6783016920089722,
        0.6725478768348694,
        0.6672430038452148,
        0.6669045686721802,
        0.662172794342041,
        0.6630789041519165,
        0.6597952246665955,
        0.6554604768753052,
        0.6522251963615417,
        0.6483039855957031,
        0.6461144089698792,
        0.6478812098503113,
        0.644178569316864,
        0.6432242393493652,
        0.6392541527748108,
        0.637371301651001,
        0.637183427810669,
        0.6363742351531982
    ],
    "valid_losses": [
        3.2694711685180664,
        0.7176660895347595,
        0.6343253254890442,
        0.6000019907951355,
        0.5804929733276367,
        0.5698369145393372,
        0.555317223072052,
        0.550778865814209,
        0.5370250344276428,
        0.5517817735671997,
        0.5363222360610962,
        0.5356736183166504,
        0.5392589569091797,
        0.5341380834579468,
        0.5347191095352173,
        0.5320062041282654,
        0.5340496897697449,
        0.5316014885902405,
        0.5303650498390198,
        0.5253831148147583,
        0.5209985971450806,
        0.5223431587219238,
        0.5249696969985962,
        0.5303252339363098,
        0.5312181711196899,
        0.524571418762207,
        0.5320296883583069,
        0.5218006372451782,
        0.531578004360199,
        0.5175548195838928,
        0.5233336091041565
    ],
    "train_accs": [
        0.03679807856678963,
        0.7958365678787231,
        0.8194134831428528,
        0.8323749899864197,
        0.8384038209915161,
        0.8446730971336365,
        0.8485673069953918,
        0.8495672941207886,
        0.8559711575508118,
        0.8529903888702393,
        0.8570672869682312,
        0.8570384383201599,
        0.8577788472175598,
        0.8564903736114502,
        0.858394205570221,
        0.860653817653656,
        0.8609615564346313,
        0.8615480661392212,
        0.8626922965049744,
        0.8668365478515625,
        0.8681730628013611,
        0.866115391254425,
        0.8667404055595398,
        0.8624711632728577,
        0.8644615411758423,
        0.8685480952262878,
        0.8669038414955139,
        0.8692981004714966,
        0.8707500100135803,
        0.8728172779083252,
        0.869240403175354
    ],
    "valid_accs": [
        0.03668269142508507,
        0.7901923060417175,
        0.8108654022216797,
        0.8226442337036133,
        0.8277884721755981,
        0.8326923251152039,
        0.8355769515037537,
        0.8360096216201782,
        0.8416826725006104,
        0.8376442193984985,
        0.8397115468978882,
        0.8405769467353821,
        0.838894248008728,
        0.8375480771064758,
        0.837211549282074,
        0.841201901435852,
        0.8424999713897705,
        0.8396154046058655,
        0.8412981033325195,
        0.8445192575454712,
        0.8463461399078369,
        0.84375,
        0.844326913356781,
        0.8377403616905212,
        0.8390865325927734,
        0.843173086643219,
        0.8389903903007507,
        0.8424999713897705,
        0.846298098564148,
        0.8457692265510559,
        0.8451442122459412
    ],
    "final_train_acc": 0.869240403175354,
    "best_val_acc": 0.8463461399078369,
    "test_acc": 0.842067301273346,
    "config": {
        "batch_size": 64,
        "hidden_size": 64,
        "layers": 1,
        "learning_rate": 0.003,
        "l2_decay": 0.0,
        "dropout": 0.2,
        "activation": "relu",
        "optimizer": "adam",
        "epochs": 30,
        "model": "width-64"
    }
}