{
    "epochs": [
        0,
        1,
        2,
        3,
        4,
        5,
        6,
        7,
        8,
        9,
        10,
        11,
        12,
        13,
        14,
        15,
        16,
        17,
        18,
        19,
        20,
        21,
        22,
        23,
        24,
        25,
        26,
        27,
        28,
        29,
        30
    ],
    "train_losses": [
        3.2664272785186768,
        2.0678465366363525,
        1.3957409858703613,
        1.2423804998397827,
        1.1449806690216064,
        1.0688302516937256,
        1.0097615718841553,
        0.9599148035049438,
        0.9235111474990845,
        0.8889708518981934,
        0.8624382615089417,
        0.8387301564216614,
        0.8165863156318665,
        0.7963058352470398,
        0.7812080979347229,
        0.7682520747184753,
        0.7533063292503357,
        0.7422065734863281,
        0.7306963801383972,
        0.7236063480377197,
        0.7138527631759644,
        0.7043551206588745,
        0.6985989809036255,
        0.6933048963546753,
        0.6833115816116333,
        0.6800053119659424,
        0.670823872089386,
        0.6646053791046143,
        0.6609115600585938,
        0.6551340222358704,
        0.651348352432251
    ],
    "valid_losses": [
        3.2665445804595947,
        1.4151184558868408,
        1.1849929094314575,
        1.0718363523483276,
        0.989857017993927,
        0.9231348633766174,
        0.8704566359519958,
        0.8242122530937195,
        0.786083459854126,
        0.7544846534729004,
        0.727698802947998,
        0.7065567970275879,
        0.6862911581993103,
        0.6691896319389343,
        0.6519982218742371,
        0.6384397149085999,
        0.6261669993400574,
        0.6148548126220703,
        0.6058515310287476,
        0.5972703099250793,
        0.5872469544410706,
        0.579107403755188,
        0.5727613568305969,
        0.5672626495361328,
        0.5590690970420837,
        0.5536333322525024,
        0.5488958954811096,
        0.5433992147445679,
        0.5415563583374023,
        0.5341992974281311,
        0.5305829048156738
    ],
    "train_accs": [
        0.03757692128419876,
        0.6237403750419617,
        0.6685865521430969,
        0.7000865340232849,
        0.724461555480957,
        0.7421153783798218,
        0.7584038376808167,
        0.7715576887130737,
        0.7813076972961426,
        0.7900288701057434,
        0.7969038486480713,
        0.8038365244865417,
        0.8098461627960205,
        0.814105749130249,
        0.8188557624816895,
        0.8230961561203003,
        0.8265961408615112,
        0.8296634554862976,
        0.8325961828231812,
        0.8348942399024963,
        0.8377211689949036,
        0.8401634693145752,
        0.8427403569221497,
        0.8437884449958801,
        0.8465096354484558,
        0.8478268980979919,
        0.8497788310050964,
        0.8514326810836792,
        0.8524615168571472,
        0.8542692065238953,
        0.8548365235328674
    ],
    "valid_accs": [
        0.036009617149829865,
        0.6240384578704834,
        0.6691827178001404,
        0.6986057758331299,
        0.7225000262260437,
        0.7400000095367432,
        0.7578846216201782,
        0.7687980532646179,
        0.7787981033325195,
        0.7885096073150635,
        0.7940384745597839,
        0.7995672821998596,
        0.8058173060417175,
        0.8084615468978882,
        0.8134615421295166,
        0.8169711828231812,
        0.8198557496070862,
        0.8230769038200378,
        0.8256250023841858,
        0.8283172845840454,
        0.8301442265510559,
        0.8332211375236511,
        0.8346154093742371,
        0.8360096216201782,
        0.8378365635871887,
        0.839519202709198,
        0.8396634459495544,
        0.8418750166893005,
        0.8427884578704834,
        0.844326913356781,
        0.8461538553237915
    ],
    "final_train_acc": 0.8548365235328674,
    "best_val_acc": 0.8461538553237915,
    "test_acc": 0.8450961709022522,
    "config": {
        "batch_size": 64,
        "hidden_size": 64,
        "layers": 1,
        "learning_rate": 0.0001,
        "l2_decay": 0.0001,
        "dropout": 0.2,
        "activation": "relu",
        "optimizer": "adam",
        "epochs": 30,
        "model": "width-64"
    }
}