{
    "epochs": [
        0,
        1,
        2,
        3,
        4,
        5,
        6,
        7,
        8,
        9,
        10,
        11,
        12,
        13,
        14,
        15,
        16,
        17,
        18,
        19,
        20,
        21,
        22,
        23,
        24,
        25,
        26,
        27,
        28,
        29,
        30
    ],
    "train_losses": [
        3.278606414794922,
        1.2305761575698853,
        0.8329057097434998,
        0.7366268038749695,
        0.6915555596351624,
        0.6614097952842712,
        0.6394571661949158,
        0.6278563141822815,
        0.6165328621864319,
        0.6038798689842224,
        0.5948033928871155,
        0.5891993045806885,
        0.5850083231925964,
        0.5771145820617676,
        0.573173463344574,
        0.5645214319229126,
        0.5640653371810913,
        0.5585377812385559,
        0.5564979910850525,
        0.5542576909065247,
        0.5493348836898804,
        0.5453495383262634,
        0.5438079833984375,
        0.5392413139343262,
        0.5387369394302368,
        0.5398026704788208,
        0.535862922668457,
        0.5356141924858093,
        0.5353411436080933,
        0.5297135710716248,
        0.5320767760276794
    ],
    "valid_losses": [
        3.2795116901397705,
        0.7771437764167786,
        0.6325041055679321,
        0.5647703409194946,
        0.5356601476669312,
        0.5158253312110901,
        0.5033596754074097,
        0.48495620489120483,
        0.47717422246932983,
        0.4693339765071869,
        0.4637392461299896,
        0.4626167118549347,
        0.4611111283302307,
        0.45451176166534424,
        0.4524080753326416,
        0.4517178237438202,
        0.4444505572319031,
        0.4439972937107086,
        0.4402262568473816,
        0.44077664613723755,
        0.4383401870727539,
        0.43968871235847473,
        0.4439910352230072,
        0.4345361888408661,
        0.435176283121109,
        0.437296062707901,
        0.4366203844547272,
        0.4290787875652313,
        0.43356046080589294,
        0.43282273411750793,
        0.43342214822769165
    ],
    "train_accs": [
        0.036211539059877396,
        0.7814903855323792,
        0.8225288391113281,
        0.8431442379951477,
        0.8513653874397278,
        0.8591538667678833,
        0.863278865814209,
        0.868259608745575,
        0.8734711408615112,
        0.8744903802871704,
        0.8762115240097046,
        0.8767980933189392,
        0.8770384788513184,
        0.8793172836303711,
        0.8803461790084839,
        0.879855751991272,
        0.883884608745575,
        0.883759617805481,
        0.8849999904632568,
        0.885240375995636,
        0.8871634602546692,
        0.885490357875824,
        0.8849807977676392,
        0.8868173360824585,
        0.8888846039772034,
        0.8869423270225525,
        0.8885288238525391,
        0.8895000219345093,
        0.8907692432403564,
        0.8890384435653687,
        0.8901538252830505
    ],
    "valid_accs": [
        0.036009617149829865,
        0.7781730890274048,
        0.8166826963424683,
        0.833557665348053,
        0.842067301273346,
        0.8495672941207886,
        0.8497596383094788,
        0.853990375995636,
        0.8595192432403564,
        0.8590865135192871,
        0.8618749976158142,
        0.8631730675697327,
        0.860480785369873,
        0.8619711399078369,
        0.8627403974533081,
        0.8612499833106995,
        0.8663942217826843,
        0.8663942217826843,
        0.8678365349769592,
        0.868461549282074,
        0.8682211637496948,
        0.8660576939582825,
        0.8648557662963867,
        0.8672115206718445,
        0.8693269491195679,
        0.8685095906257629,
        0.8686538338661194,
        0.8700000047683716,
        0.8693749904632568,
        0.8685095906257629,
        0.8696634769439697
    ],
    "final_train_acc": 0.8901538252830505,
    "best_val_acc": 0.8700000047683716,
    "test_acc": 0.8700961470603943,
    "config": {
        "batch_size": 64,
        "hidden_size": 64,
        "layers": 1,
        "learning_rate": 0.001,
        "l2_decay": 0.0001,
        "dropout": 0.2,
        "activation": "relu",
        "optimizer": "adam",
        "epochs": 30,
        "model": "width-64"
    }
}