{
    "epochs": [
        0,
        1,
        2,
        3,
        4,
        5,
        6,
        7,
        8,
        9,
        10,
        11,
        12,
        13,
        14,
        15,
        16,
        17,
        18,
        19,
        20,
        21,
        22,
        23,
        24,
        25,
        26,
        27,
        28,
        29,
        30
    ],
    "train_losses": [
        3.253830909729004,
        1.0648444890975952,
        0.8065353035926819,
        0.7613421678543091,
        0.7248656749725342,
        0.7078969478607178,
        0.6929194927215576,
        0.6859804391860962,
        0.675787091255188,
        0.6730886697769165,
        0.663199245929718,
        0.6574988961219788,
        0.6561827063560486,
        0.6494863033294678,
        0.6486269235610962,
        0.6457898020744324,
        0.6435964703559875,
        0.639833390712738,
        0.6402053833007812,
        0.6335341930389404,
        0.6330087780952454,
        0.6283825635910034,
        0.6261168718338013,
        0.6250612735748291,
        0.6256443858146667,
        0.6253306865692139,
        0.6217665076255798,
        0.6190670728683472,
        0.6194490790367126,
        0.6161742210388184,
        0.6157385110855103
    ],
    "valid_losses": [
        3.2537286281585693,
        0.6580858826637268,
        0.5992591977119446,
        0.5652009844779968,
        0.5508600473403931,
        0.5373258590698242,
        0.5233436226844788,
        0.5361655354499817,
        0.5193482637405396,
        0.5094022750854492,
        0.5038915872573853,
        0.49946722388267517,
        0.504343569278717,
        0.5100415945053101,
        0.5127726197242737,
        0.4901878535747528,
        0.4947552978992462,
        0.5024920105934143,
        0.49783992767333984,
        0.49568477272987366,
        0.4858948290348053,
        0.49389925599098206,
        0.4959002137184143,
        0.49617838859558105,
        0.4969275891780853,
        0.48232606053352356,
        0.4810969829559326,
        0.4712342619895935,
        0.48315951228141785,
        0.47133100032806396,
        0.4680883288383484
    ],
    "train_accs": [
        0.057750001549720764,
        0.8098846077919006,
        0.8285288214683533,
        0.8387981057167053,
        0.8431249856948853,
        0.8494518995285034,
        0.8535961508750916,
        0.8513749837875366,
        0.8563942313194275,
        0.8600961565971375,
        0.8622499704360962,
        0.8592019081115723,
        0.8612019419670105,
        0.8569422960281372,
        0.8573557734489441,
        0.866240382194519,
        0.8662499785423279,
        0.8638173341751099,
        0.8652403950691223,
        0.8649423122406006,
        0.8668172955513,
        0.864759624004364,
        0.8662692308425903,
        0.8645480871200562,
        0.8668269515037537,
        0.8700384497642517,
        0.869365394115448,
        0.8706538677215576,
        0.870971143245697,
        0.8729903697967529,
        0.8733077049255371
    ],
    "valid_accs": [
        0.058125000447034836,
        0.8060576915740967,
        0.8223557472229004,
        0.8307692408561707,
        0.8326442241668701,
        0.8379807472229004,
        0.8397115468978882,
        0.8382692337036133,
        0.8434615135192871,
        0.8467307686805725,
        0.8467307686805725,
        0.8490384817123413,
        0.8473076820373535,
        0.8424999713897705,
        0.8435096144676208,
        0.8512499928474426,
        0.8513942360877991,
        0.8484134674072266,
        0.8496634364128113,
        0.848028838634491,
        0.850865364074707,
        0.8494230508804321,
        0.8497596383094788,
        0.8465865254402161,
        0.8500961661338806,
        0.8527884483337402,
        0.8552884459495544,
        0.8550000190734863,
        0.8516346216201782,
        0.8559134602546692,
        0.8549038171768188
    ],
    "final_train_acc": 0.8733077049255371,
    "best_val_acc": 0.8559134602546692,
    "test_acc": 0.8566346168518066,
    "config": {
        "batch_size": 64,
        "hidden_size": 64,
        "layers": 1,
        "learning_rate": 0.003,
        "l2_decay": 0.0001,
        "dropout": 0.2,
        "activation": "relu",
        "optimizer": "adam",
        "epochs": 30,
        "model": "width-64"
    }
}