{
    "epochs": [
        0,
        1,
        2,
        3,
        4,
        5,
        6,
        7,
        8,
        9,
        10,
        11,
        12,
        13,
        14,
        15,
        16,
        17,
        18,
        19,
        20,
        21,
        22,
        23,
        24,
        25,
        26,
        27,
        28,
        29,
        30
    ],
    "train_losses": [
        3.26623797416687,
        1.0438066720962524,
        0.6297329664230347,
        0.5394796133041382,
        0.4966377019882202,
        0.4695180654525757,
        0.4488411545753479,
        0.43513694405555725,
        0.4235864579677582,
        0.41127124428749084,
        0.40330401062965393,
        0.3951377272605896,
        0.38835179805755615,
        0.3817220628261566,
        0.37628626823425293,
        0.3720746636390686,
        0.3640524446964264,
        0.3641277849674225,
        0.35901787877082825,
        0.35659730434417725,
        0.35314127802848816,
        0.3479180335998535,
        0.34537428617477417,
        0.344330757856369,
        0.34172987937927246,
        0.33882400393486023,
        0.33577555418014526,
        0.3330450654029846,
        0.330935537815094,
        0.32710081338882446,
        0.32475781440734863
    ],
    "valid_losses": [
        3.2658889293670654,
        0.6279112100601196,
        0.4864281713962555,
        0.43219998478889465,
        0.41457006335258484,
        0.3940562903881073,
        0.38841766119003296,
        0.37598302960395813,
        0.3673843741416931,
        0.36554354429244995,
        0.35999202728271484,
        0.36545854806900024,
        0.3605262041091919,
        0.35523632168769836,
        0.35789957642555237,
        0.3545362055301666,
        0.3606395721435547,
        0.3584713637828827,
        0.35310524702072144,
        0.3594445288181305,
        0.35638391971588135,
        0.3526971638202667,
        0.3621065020561218,
        0.35675108432769775,
        0.3542805016040802,
        0.35324856638908386,
        0.3571501672267914,
        0.35574743151664734,
        0.35256314277648926,
        0.35509493947029114,
        0.36139750480651855
    ],
    "train_accs": [
        0.03449038416147232,
        0.8246827125549316,
        0.8616153597831726,
        0.8813846111297607,
        0.888894259929657,
        0.8964903950691223,
        0.9008269309997559,
        0.9044134616851807,
        0.9098846316337585,
        0.9114711284637451,
        0.9152788519859314,
        0.9140576720237732,
        0.917144238948822,
        0.9181826710700989,
        0.9199711680412292,
        0.9206826686859131,
        0.9210768938064575,
        0.9224134683609009,
        0.9245961308479309,
        0.9237499833106995,
        0.9258557558059692,
        0.926730751991272,
        0.9268461465835571,
        0.9264423251152039,
        0.9292211532592773,
        0.9303653836250305,
        0.9291730523109436,
        0.9310288429260254,
        0.9332788586616516,
        0.9328461289405823,
        0.9326826930046082
    ],
    "valid_accs": [
        0.03389422968029976,
        0.8203365206718445,
        0.8530769348144531,
        0.8679807782173157,
        0.873846173286438,
        0.8807692527770996,
        0.8824999928474426,
        0.8844711780548096,
        0.888076901435852,
        0.8885576725006104,
        0.8915384411811829,
        0.8886538743972778,
        0.8909615278244019,
        0.8910576701164246,
        0.8915384411811829,
        0.8910576701164246,
        0.891778826713562,
        0.8919711709022522,
        0.8930288553237915,
        0.8901442289352417,
        0.893173098564148,
        0.8925961256027222,
        0.8915865421295166,
        0.8924999833106995,
        0.8941826820373535,
        0.8949999809265137,
        0.8938942551612854,
        0.8938942551612854,
        0.8946634531021118,
        0.8958172798156738,
        0.8931249976158142
    ],
    "final_train_acc": 0.9326826930046082,
    "best_val_acc": 0.8958172798156738,
    "test_acc": 0.892307698726654,
    "config": {
        "batch_size": 64,
        "hidden_size": 128,
        "layers": 1,
        "learning_rate": 0.001,
        "l2_decay": 0.0,
        "dropout": 0.2,
        "activation": "relu",
        "optimizer": "adam",
        "epochs": 30,
        "model": "width-128"
    }
}