{
    "epochs": [
        0,
        1,
        2,
        3,
        4,
        5,
        6,
        7,
        8,
        9,
        10,
        11,
        12,
        13,
        14,
        15,
        16,
        17,
        18,
        19,
        20,
        21,
        22,
        23,
        24,
        25,
        26,
        27,
        28,
        29,
        30
    ],
    "train_losses": [
        3.2812976837158203,
        1.4908417463302612,
        1.1258869171142578,
        1.0633342266082764,
        1.027437686920166,
        0.9973735213279724,
        0.968117892742157,
        0.9401702880859375,
        0.9173476696014404,
        0.8992735743522644,
        0.8838176727294922,
        0.8721137046813965,
        0.8617215156555176,
        0.8524407148361206,
        0.8439599871635437,
        0.838737964630127,
        0.8343933820724487,
        0.8291293382644653,
        0.8251897692680359,
        0.8218027353286743,
        0.8194060325622559,
        0.8149961233139038,
        0.8122414350509644,
        0.8084418773651123,
        0.8052444458007812,
        0.8023621439933777,
        0.7992531061172485,
        0.7962216734886169,
        0.7930945754051208,
        0.791151762008667,
        0.787522554397583
    ],
    "valid_losses": [
        3.2813804149627686,
        1.1883111000061035,
        1.105103611946106,
        1.0563111305236816,
        1.037767767906189,
        1.0051186084747314,
        0.9820486307144165,
        0.9524732232093811,
        0.938854992389679,
        0.9245403409004211,
        0.9054049849510193,
        0.9028000235557556,
        0.8864889740943909,
        0.8925877809524536,
        0.8760568499565125,
        0.8760131597518921,
        0.8689408898353577,
        0.8695600032806396,
        0.8646799921989441,
        0.8645547032356262,
        0.8543304800987244,
        0.8624429106712341,
        0.8566752672195435,
        0.8572790622711182,
        0.8527302145957947,
        0.8478922247886658,
        0.8431910872459412,
        0.8421886563301086,
        0.8374564051628113,
        0.8336737751960754,
        0.8405733704566956
    ],
    "train_accs": [
        0.041817307472229004,
        0.661836564540863,
        0.6869615316390991,
        0.7035576701164246,
        0.7112211585044861,
        0.7145288586616516,
        0.7207307815551758,
        0.7291250228881836,
        0.7357596158981323,
        0.7393845915794373,
        0.7470288276672363,
        0.7472788691520691,
        0.7527115345001221,
        0.7481730580329895,
        0.7559326887130737,
        0.7559230923652649,
        0.7587788701057434,
        0.755634605884552,
        0.7599326968193054,
        0.75958651304245,
        0.7625672817230225,
        0.7603557705879211,
        0.7628942131996155,
        0.7606250047683716,
        0.7652307748794556,
        0.7666634321212769,
        0.7671538591384888,
        0.7681154012680054,
        0.7684807777404785,
        0.7704519033432007,
        0.7688365578651428
    ],
    "valid_accs": [
        0.04033653810620308,
        0.6605769395828247,
        0.683269202709198,
        0.6993749737739563,
        0.7045673131942749,
        0.7074999809265137,
        0.714519202709198,
        0.7251442074775696,
        0.7247596383094788,
        0.7293269038200378,
        0.7387019395828247,
        0.7378846406936646,
        0.7425961494445801,
        0.7390865087509155,
        0.7458173036575317,
        0.7455288171768188,
        0.7479326725006104,
        0.7453846335411072,
        0.7487980723381042,
        0.7485095858573914,
        0.7515865564346313,
        0.7487019300460815,
        0.7495673298835754,
        0.7483654022216797,
        0.7537980675697327,
        0.7525961399078369,
        0.7530288696289062,
        0.7551922798156738,
        0.7561538219451904,
        0.7557211518287659,
        0.7540865540504456
    ],
    "final_train_acc": 0.7688365578651428,
    "best_val_acc": 0.7561538219451904,
    "test_acc": 0.7564904093742371,
    "config": {
        "batch_size": 64,
        "hidden_size": 16,
        "layers": 1,
        "learning_rate": 0.001,
        "l2_decay": 0.0,
        "dropout": 0.0,
        "activation": "relu",
        "optimizer": "adam",
        "epochs": 30,
        "model": "width-16"
    }
}