{
    "epochs": [
        0,
        1,
        2,
        3,
        4,
        5,
        6,
        7,
        8,
        9,
        10,
        11,
        12,
        13,
        14,
        15,
        16,
        17,
        18,
        19,
        20,
        21,
        22,
        23,
        24,
        25,
        26,
        27,
        28,
        29,
        30
    ],
    "train_losses": [
        3.2653121948242188,
        0.904348611831665,
        0.5187122225761414,
        0.439674437046051,
        0.39960914850234985,
        0.37322574853897095,
        0.3544864058494568,
        0.344662070274353,
        0.3315525949001312,
        0.3236830234527588,
        0.31613224744796753,
        0.31159308552742004,
        0.3035362958908081,
        0.3006017506122589,
        0.2960992753505707,
        0.2911197543144226,
        0.28932690620422363,
        0.2884216606616974,
        0.28214555978775024,
        0.2782018780708313,
        0.276850163936615,
        0.2769395709037781,
        0.2735547125339508,
        0.27356427907943726,
        0.27156364917755127,
        0.2677364647388458,
        0.2668464779853821,
        0.2690502107143402,
        0.266887366771698,
        0.26466354727745056,
        0.26256728172302246
    ],
    "valid_losses": [
        3.2651727199554443,
        0.531195878982544,
        0.428831547498703,
        0.3695247173309326,
        0.36158445477485657,
        0.34032580256462097,
        0.3335757553577423,
        0.3264802098274231,
        0.32737791538238525,
        0.3116730749607086,
        0.3118809163570404,
        0.3134746849536896,
        0.31338658928871155,
        0.30743202567100525,
        0.31413644552230835,
        0.3014185428619385,
        0.30519163608551025,
        0.31219035387039185,
        0.30564460158348083,
        0.31191036105155945,
        0.30330029129981995,
        0.3024197816848755,
        0.3063432574272156,
        0.3029992878437042,
        0.2996889650821686,
        0.3014751374721527,
        0.29424983263015747,
        0.29868075251579285,
        0.29471614956855774,
        0.29602867364883423,
        0.29655763506889343
    ],
    "train_accs": [
        0.032721154391765594,
        0.849586546421051,
        0.8789615631103516,
        0.9017019271850586,
        0.9057884812355042,
        0.9150000214576721,
        0.9194999933242798,
        0.9207884669303894,
        0.9219422936439514,
        0.9271538257598877,
        0.92853844165802,
        0.9279038310050964,
        0.9295673370361328,
        0.9310480952262878,
        0.9296634793281555,
        0.9349134564399719,
        0.9348846077919006,
        0.9334231019020081,
        0.9357115626335144,
        0.9333077073097229,
        0.9367884397506714,
        0.9366922974586487,
        0.9368942379951477,
        0.9376730918884277,
        0.9391250014305115,
        0.9386153817176819,
        0.9407404065132141,
        0.939230740070343,
        0.942028820514679,
        0.9407692551612854,
        0.9426153898239136
    ],
    "valid_accs": [
        0.03399038314819336,
        0.8437981009483337,
        0.868461549282074,
        0.8861538171768188,
        0.8869711756706238,
        0.8939903974533081,
        0.8968750238418579,
        0.8979327082633972,
        0.8975961804389954,
        0.9030769467353821,
        0.9032692313194275,
        0.9027403593063354,
        0.9035577178001404,
        0.9035096168518066,
        0.8979807496070862,
        0.9042788743972778,
        0.9034615159034729,
        0.9001923203468323,
        0.9039903879165649,
        0.9014903903007507,
        0.9049999713897705,
        0.9054327011108398,
        0.9038942456245422,
        0.9041346311569214,
        0.9062018990516663,
        0.9053846001625061,
        0.9058173298835754,
        0.9054807424545288,
        0.9084615111351013,
        0.907355785369873,
        0.907355785369873
    ],
    "final_train_acc": 0.9426153898239136,
    "best_val_acc": 0.9084615111351013,
    "test_acc": 0.907932698726654,
    "config": {
        "batch_size": 64,
        "hidden_size": 256,
        "layers": 1,
        "learning_rate": 0.001,
        "l2_decay": 0.0001,
        "dropout": 0.2,
        "activation": "relu",
        "optimizer": "adam",
        "epochs": 30,
        "model": "width-256"
    }
}