{
    "epochs": [
        0,
        1,
        2,
        3,
        4,
        5,
        6,
        7,
        8,
        9,
        10,
        11,
        12,
        13,
        14,
        15,
        16,
        17,
        18,
        19,
        20,
        21,
        22,
        23,
        24,
        25,
        26,
        27,
        28,
        29,
        30
    ],
    "train_losses": [
        3.266169548034668,
        1.4349311590194702,
        0.9741450548171997,
        0.8347889184951782,
        0.7339539527893066,
        0.6610413193702698,
        0.6081801652908325,
        0.5691862106323242,
        0.5392304062843323,
        0.5147222280502319,
        0.4950847625732422,
        0.47860187292099,
        0.4639649987220764,
        0.4515494406223297,
        0.4407905042171478,
        0.43103939294815063,
        0.4219743609428406,
        0.41439229249954224,
        0.407272070646286,
        0.40055498480796814,
        0.394265741109848,
        0.38837477564811707,
        0.38322848081588745,
        0.37890195846557617,
        0.3739588260650635,
        0.3698035478591919,
        0.3658861517906189,
        0.361604243516922,
        0.35860517621040344,
        0.35514551401138306,
        0.35158446431159973
    ],
    "valid_losses": [
        3.266106128692627,
        1.0684276819229126,
        0.90778648853302,
        0.7951588034629822,
        0.7128366827964783,
        0.6536751389503479,
        0.6134411096572876,
        0.5826273560523987,
        0.5543507933616638,
        0.5384420156478882,
        0.518989086151123,
        0.5104925036430359,
        0.4988676607608795,
        0.49109092354774475,
        0.4849270284175873,
        0.4750939607620239,
        0.4683433175086975,
        0.4670518934726715,
        0.4628556966781616,
        0.45875534415245056,
        0.4563804268836975,
        0.45344609022140503,
        0.4517636001110077,
        0.4527650773525238,
        0.44785672426223755,
        0.4453534781932831,
        0.44396311044692993,
        0.4429735839366913,
        0.43782734870910645,
        0.4367263913154602,
        0.43744906783103943
    ],
    "train_accs": [
        0.047865383327007294,
        0.700576901435852,
        0.7474807500839233,
        0.7802500128746033,
        0.8037307858467102,
        0.8203269243240356,
        0.8320096135139465,
        0.8409615159034729,
        0.8489134907722473,
        0.8547596335411072,
        0.8606923222541809,
        0.8632596135139465,
        0.867759644985199,
        0.8699904084205627,
        0.8724038600921631,
        0.8756923079490662,
        0.8792499899864197,
        0.8795192241668701,
        0.8822788596153259,
        0.8825961351394653,
        0.8842499852180481,
        0.885317325592041,
        0.8880577087402344,
        0.8863077163696289,
        0.8896250128746033,
        0.8920480608940125,
        0.8912211656570435,
        0.8923365473747253,
        0.8949711322784424,
        0.8950192332267761,
        0.8964326977729797
    ],
    "valid_accs": [
        0.04749999940395355,
        0.6975480914115906,
        0.7433173060417175,
        0.772163450717926,
        0.7933653593063354,
        0.809374988079071,
        0.8213942050933838,
        0.8296154141426086,
        0.8378846049308777,
        0.842644214630127,
        0.8463942408561707,
        0.8500480651855469,
        0.8525961637496948,
        0.8543269038200378,
        0.8568750023841858,
        0.8587019443511963,
        0.8620192408561707,
        0.8608654141426086,
        0.8625961542129517,
        0.8617307543754578,
        0.8642788529396057,
        0.8634134531021118,
        0.8646153807640076,
        0.8623076677322388,
        0.8663461804389954,
        0.8683654069900513,
        0.8655769228935242,
        0.8668749928474426,
        0.8683173060417175,
        0.8712499737739563,
        0.8694711327552795
    ],
    "final_train_acc": 0.8964326977729797,
    "best_val_acc": 0.8712499737739563,
    "test_acc": 0.8713942170143127,
    "config": {
        "batch_size": 64,
        "hidden_size": 64,
        "layers": 1,
        "learning_rate": 0.0003,
        "l2_decay": 0.0,
        "dropout": 0.0,
        "activation": "relu",
        "optimizer": "adam",
        "epochs": 30,
        "model": "width-64"
    }
}