{
    "epochs": [
        0,
        1,
        2,
        3,
        4,
        5,
        6,
        7,
        8,
        9,
        10,
        11,
        12,
        13,
        14,
        15,
        16,
        17,
        18,
        19,
        20,
        21,
        22,
        23,
        24,
        25,
        26,
        27,
        28,
        29,
        30
    ],
    "train_losses": [
        3.256669521331787,
        1.5619200468063354,
        1.0344371795654297,
        0.8905606269836426,
        0.7757052183151245,
        0.6846463084220886,
        0.6142759323120117,
        0.5604228377342224,
        0.5180608630180359,
        0.4839085340499878,
        0.45590847730636597,
        0.43306732177734375,
        0.4130666255950928,
        0.3958265483379364,
        0.38114333152770996,
        0.36801549792289734,
        0.3562999665737152,
        0.3460889458656311,
        0.33648133277893066,
        0.3280373215675354,
        0.31996220350265503,
        0.31268903613090515,
        0.3062390983104706,
        0.30013877153396606,
        0.2943588197231293,
        0.28895893692970276,
        0.2837132215499878,
        0.2787501811981201,
        0.2746918499469757,
        0.27006757259368896,
        0.26589494943618774
    ],
    "valid_losses": [
        3.256925344467163,
        1.1329721212387085,
        0.9620868563652039,
        0.8393818736076355,
        0.7381096482276917,
        0.6592503190040588,
        0.602098822593689,
        0.5567911267280579,
        0.520602822303772,
        0.49178043007850647,
        0.4685274660587311,
        0.45224523544311523,
        0.43649807572364807,
        0.42161911725997925,
        0.4119471609592438,
        0.4000987410545349,
        0.39165961742401123,
        0.38584405183792114,
        0.3783191740512848,
        0.3727991282939911,
        0.36739110946655273,
        0.3618876039981842,
        0.3598969876766205,
        0.35671886801719666,
        0.3509047329425812,
        0.34594687819480896,
        0.34351620078086853,
        0.3427353501319885,
        0.3377446234226227,
        0.3351640999317169,
        0.33308759331703186
    ],
    "train_accs": [
        0.03648076951503754,
        0.6827211380004883,
        0.7326346039772034,
        0.7695480585098267,
        0.7988173365592957,
        0.8193172812461853,
        0.8374326825141907,
        0.8491153717041016,
        0.859173059463501,
        0.8677019476890564,
        0.8746826648712158,
        0.8790673017501831,
        0.88474041223526,
        0.8890095949172974,
        0.8921154141426086,
        0.8959519267082214,
        0.8996922969818115,
        0.9015288352966309,
        0.904971182346344,
        0.905875027179718,
        0.9078750014305115,
        0.9092211723327637,
        0.9117692112922668,
        0.9121634364128113,
        0.9158557653427124,
        0.9169903993606567,
        0.917596161365509,
        0.9186922907829285,
        0.9213365316390991,
        0.9216346144676208,
        0.9226442575454712
    ],
    "valid_accs": [
        0.03475961461663246,
        0.683269202709198,
        0.7314423322677612,
        0.7658172845840454,
        0.7910577058792114,
        0.8128846287727356,
        0.8295673131942749,
        0.8397115468978882,
        0.8505288362503052,
        0.8595192432403564,
        0.864759624004364,
        0.8694230914115906,
        0.873269259929657,
        0.8768749833106995,
        0.8776442408561707,
        0.8826923370361328,
        0.885192334651947,
        0.8862019181251526,
        0.8887500166893005,
        0.8886057734489441,
        0.8907692432403564,
        0.891201913356781,
        0.8921154141426086,
        0.8937980532646179,
        0.89432692527771,
        0.896009624004364,
        0.8966346383094788,
        0.8964903950691223,
        0.8979807496070862,
        0.8990384340286255,
        0.8992788195610046
    ],
    "final_train_acc": 0.9226442575454712,
    "best_val_acc": 0.8992788195610046,
    "test_acc": 0.896586537361145,
    "config": {
        "batch_size": 64,
        "hidden_size": 256,
        "layers": 1,
        "learning_rate": 0.0001,
        "l2_decay": 0.0001,
        "dropout": 0.0,
        "activation": "relu",
        "optimizer": "adam",
        "epochs": 30,
        "model": "width-256"
    }
}