{
    "epochs": [
        0,
        1,
        2,
        3,
        4,
        5,
        6,
        7,
        8,
        9,
        10,
        11,
        12,
        13,
        14,
        15,
        16,
        17,
        18,
        19,
        20,
        21,
        22,
        23,
        24,
        25,
        26,
        27,
        28,
        29,
        30
    ],
    "train_losses": [
        3.2605135440826416,
        0.8097917437553406,
        0.4206176698207855,
        0.33856001496315,
        0.2929772436618805,
        0.26276031136512756,
        0.23834829032421112,
        0.21953725814819336,
        0.2035003900527954,
        0.18987736105918884,
        0.17644962668418884,
        0.16823279857635498,
        0.15742793679237366,
        0.1470639854669571,
        0.1404874622821808,
        0.13269369304180145,
        0.12690964341163635,
        0.12124066799879074,
        0.11628258973360062,
        0.11045224964618683,
        0.10738140344619751,
        0.10241974145174026,
        0.09800093621015549,
        0.09747123718261719,
        0.09275589883327484,
        0.08842016756534576,
        0.0871446430683136,
        0.08346478641033173,
        0.08342529088258743,
        0.07797088474035263,
        0.07732933014631271
    ],
    "valid_losses": [
        3.2613413333892822,
        0.503235936164856,
        0.40592288970947266,
        0.3535776138305664,
        0.3435538709163666,
        0.32558444142341614,
        0.32728490233421326,
        0.32866325974464417,
        0.3192063271999359,
        0.3321232795715332,
        0.3355221152305603,
        0.3431723117828369,
        0.3463447093963623,
        0.35536956787109375,
        0.36091917753219604,
        0.3619145154953003,
        0.377497136592865,
        0.3852382302284241,
        0.40245261788368225,
        0.4186455011367798,
        0.41929787397384644,
        0.4233553409576416,
        0.436134934425354,
        0.4271838366985321,
        0.4602934718132019,
        0.4530571699142456,
        0.46234413981437683,
        0.485267698764801,
        0.48051917552948,
        0.4963427186012268,
        0.5141735076904297
    ],
    "train_accs": [
        0.04098076745867729,
        0.8573076725006104,
        0.8894326686859131,
        0.9099423289299011,
        0.9188846349716187,
        0.9276057481765747,
        0.9315288662910461,
        0.9360576868057251,
        0.9427499771118164,
        0.9401249885559082,
        0.9480865597724915,
        0.947692334651947,
        0.9524038434028625,
        0.9526249766349792,
        0.9546923041343689,
        0.9607884883880615,
        0.9594903588294983,
        0.960730791091919,
        0.9608365297317505,
        0.9612692594528198,
        0.961961567401886,
        0.9656346440315247,
        0.9662595987319946,
        0.9679999947547913,
        0.9661730527877808,
        0.9702115654945374,
        0.9690480828285217,
        0.9696345925331116,
        0.9715576767921448,
        0.9731826782226562,
        0.9722115397453308
    ],
    "valid_accs": [
        0.04163461551070213,
        0.849711537361145,
        0.8746153712272644,
        0.890048086643219,
        0.8932692408561707,
        0.8974999785423279,
        0.8983173370361328,
        0.8988461494445801,
        0.9037981033325195,
        0.8997595906257629,
        0.9009134769439697,
        0.9013461470603943,
        0.9022115468978882,
        0.900865375995636,
        0.900288462638855,
        0.9015384912490845,
        0.9000961780548096,
        0.9007211327552795,
        0.8972115516662598,
        0.8968269228935242,
        0.894903838634491,
        0.8980769515037537,
        0.8973557949066162,
        0.8995192050933838,
        0.894855797290802,
        0.8979327082633972,
        0.8963942527770996,
        0.8959134817123413,
        0.894855797290802,
        0.896586537361145,
        0.8988461494445801
    ],
    "final_train_acc": 0.9722115397453308,
    "best_val_acc": 0.9037981033325195,
    "test_acc": 0.8983173370361328,
    "config": {
        "batch_size": 64,
        "hidden_size": 256,
        "layers": 1,
        "learning_rate": 0.001,
        "l2_decay": 0.0,
        "dropout": 0.0,
        "activation": "relu",
        "optimizer": "adam",
        "epochs": 30,
        "model": "width-256"
    }
}