{
    "epochs": [
        0,
        1,
        2,
        3,
        4,
        5,
        6,
        7,
        8,
        9,
        10,
        11,
        12,
        13,
        14,
        15,
        16,
        17,
        18,
        19,
        20,
        21,
        22,
        23,
        24,
        25,
        26,
        27,
        28,
        29,
        30
    ],
    "train_losses": [
        3.25268292427063,
        0.9358242750167847,
        0.516925036907196,
        0.4167408347129822,
        0.365723192691803,
        0.3345659673213959,
        0.31237614154815674,
        0.2948616147041321,
        0.27937403321266174,
        0.26764488220214844,
        0.25591322779655457,
        0.24859930574893951,
        0.23954661190509796,
        0.23002997040748596,
        0.22494389116764069,
        0.21778391301631927,
        0.21275265514850616,
        0.20737984776496887,
        0.20169156789779663,
        0.19737543165683746,
        0.19221240282058716,
        0.1883796602487564,
        0.18389250338077545,
        0.18020133674144745,
        0.17674776911735535,
        0.17330540716648102,
        0.16968052089214325,
        0.1671021580696106,
        0.1649230420589447,
        0.16147997975349426,
        0.1575707048177719
    ],
    "valid_losses": [
        3.2526724338531494,
        0.6149744391441345,
        0.48374801874160767,
        0.4169444739818573,
        0.4004557430744171,
        0.38513654470443726,
        0.378506600856781,
        0.3751707673072815,
        0.360146164894104,
        0.3675535023212433,
        0.3617030084133148,
        0.37010663747787476,
        0.3699844181537628,
        0.37094250321388245,
        0.3706408441066742,
        0.373337060213089,
        0.38216009736061096,
        0.3809838891029358,
        0.3975324332714081,
        0.39046308398246765,
        0.39686161279678345,
        0.40190255641937256,
        0.40364158153533936,
        0.4138852059841156,
        0.4116588532924652,
        0.415909081697464,
        0.4260350167751312,
        0.41653451323509216,
        0.43697255849838257,
        0.4299907982349396,
        0.4383876919746399
    ],
    "train_accs": [
        0.03375961631536484,
        0.8251538276672363,
        0.8651154041290283,
        0.889269232749939,
        0.8985096216201782,
        0.9056442379951477,
        0.9108846187591553,
        0.9132500290870667,
        0.921999990940094,
        0.9206826686859131,
        0.9267404079437256,
        0.9255384802818298,
        0.9297788739204407,
        0.9306634664535522,
        0.9329423308372498,
        0.9347884654998779,
        0.9359615445137024,
        0.9383172988891602,
        0.9332596063613892,
        0.9402499794960022,
        0.9402692317962646,
        0.9415384531021118,
        0.9444615244865417,
        0.9404519200325012,
        0.9451249837875366,
        0.9469519257545471,
        0.9440577030181885,
        0.9514327049255371,
        0.9507499933242798,
        0.9519903659820557,
        0.9515769481658936
    ],
    "valid_accs": [
        0.03432692214846611,
        0.8187019228935242,
        0.853990375995636,
        0.8736057877540588,
        0.8777403831481934,
        0.8843749761581421,
        0.8861538171768188,
        0.8862980604171753,
        0.8920192122459412,
        0.888942301273346,
        0.8924038410186768,
        0.8918269276618958,
        0.892307698726654,
        0.8907692432403564,
        0.8915384411811829,
        0.8940865397453308,
        0.8903365135192871,
        0.8919711709022522,
        0.8874038457870483,
        0.8918750286102295,
        0.887499988079071,
        0.8909615278244019,
        0.8912980556488037,
        0.8871634602546692,
        0.8887019157409668,
        0.8896153569221497,
        0.8859615325927734,
        0.8924038410186768,
        0.8878846168518066,
        0.8886538743972778,
        0.8893269300460815
    ],
    "final_train_acc": 0.9515769481658936,
    "best_val_acc": 0.8940865397453308,
    "test_acc": 0.8892307877540588,
    "config": {
        "batch_size": 64,
        "hidden_size": 128,
        "layers": 1,
        "learning_rate": 0.001,
        "l2_decay": 0.0,
        "dropout": 0.0,
        "activation": "relu",
        "optimizer": "adam",
        "epochs": 30,
        "model": "width-128"
    }
}