{
    "epochs": [
        0,
        1,
        2,
        3,
        4,
        5,
        6,
        7,
        8,
        9,
        10,
        11,
        12,
        13,
        14,
        15,
        16,
        17,
        18,
        19,
        20,
        21,
        22,
        23,
        24,
        25,
        26,
        27,
        28,
        29,
        30
    ],
    "train_losses": [
        3.2714033126831055,
        1.3974354267120361,
        0.9024885296821594,
        0.7386223077774048,
        0.6484239101409912,
        0.592377245426178,
        0.5528090000152588,
        0.5233674645423889,
        0.5025316476821899,
        0.48615220189094543,
        0.47097542881965637,
        0.45929259061813354,
        0.44831809401512146,
        0.4425744414329529,
        0.43455684185028076,
        0.4271382689476013,
        0.4225853979587555,
        0.4177980124950409,
        0.40959885716438293,
        0.4055618345737457,
        0.4009239673614502,
        0.3966470956802368,
        0.3945663571357727,
        0.3900960385799408,
        0.3864794075489044,
        0.3842673599720001,
        0.3825523257255554,
        0.3799445331096649,
        0.37377363443374634,
        0.3712768852710724,
        0.3729512393474579
    ],
    "valid_losses": [
        3.272153615951538,
        0.9560672640800476,
        0.7272468209266663,
        0.607277512550354,
        0.5394214987754822,
        0.49611082673072815,
        0.46754276752471924,
        0.4441775679588318,
        0.42746496200561523,
        0.41508591175079346,
        0.40283870697021484,
        0.3955209255218506,
        0.3886016011238098,
        0.3846707046031952,
        0.37845510244369507,
        0.37415409088134766,
        0.371315062046051,
        0.36751803755760193,
        0.3638559877872467,
        0.3621227741241455,
        0.3595411777496338,
        0.35811296105384827,
        0.3577860891819,
        0.35364094376564026,
        0.35115787386894226,
        0.34812015295028687,
        0.348675012588501,
        0.34695541858673096,
        0.3443217873573303,
        0.3422981798648834,
        0.34348389506340027
    ],
    "train_accs": [
        0.0415288470685482,
        0.7325000166893005,
        0.7981923222541809,
        0.8344038724899292,
        0.8518365621566772,
        0.8645192384719849,
        0.8736730813980103,
        0.8800480961799622,
        0.8848845958709717,
        0.8892403841018677,
        0.8928461670875549,
        0.8948461413383484,
        0.8981057405471802,
        0.8996922969818115,
        0.9011730551719666,
        0.9029711484909058,
        0.9051153659820557,
        0.9063942432403564,
        0.9081442356109619,
        0.9088749885559082,
        0.9097692370414734,
        0.9096826910972595,
        0.9113172888755798,
        0.912788450717926,
        0.9137884378433228,
        0.9150192141532898,
        0.9143942594528198,
        0.9156923294067383,
        0.9167019128799438,
        0.9174807667732239,
        0.9176538586616516
    ],
    "valid_accs": [
        0.04254807531833649,
        0.7317788600921631,
        0.7946153879165649,
        0.8277884721755981,
        0.8424999713897705,
        0.856826901435852,
        0.8645192384719849,
        0.870144248008728,
        0.8735576868057251,
        0.8778846263885498,
        0.8797596096992493,
        0.8820192217826843,
        0.8827403783798218,
        0.8855769038200378,
        0.8862980604171753,
        0.8874038457870483,
        0.888076901435852,
        0.890096127986908,
        0.8910576701164246,
        0.8907692432403564,
        0.8907692432403564,
        0.8899999856948853,
        0.8916826844215393,
        0.8925961256027222,
        0.8926923274993896,
        0.8927403688430786,
        0.8918269276618958,
        0.8934615254402161,
        0.8946154117584229,
        0.8964903950691223,
        0.8945192098617554
    ],
    "final_train_acc": 0.9176538586616516,
    "best_val_acc": 0.8964903950691223,
    "test_acc": 0.8941826820373535,
    "config": {
        "batch_size": 64,
        "hidden_size": 128,
        "layers": 1,
        "learning_rate": 0.0003,
        "l2_decay": 0.0001,
        "dropout": 0.2,
        "activation": "relu",
        "optimizer": "adam",
        "epochs": 30,
        "model": "width-128"
    }
}