{
    "epochs": [
        0,
        1,
        2,
        3,
        4,
        5,
        6,
        7,
        8,
        9,
        10,
        11,
        12,
        13,
        14,
        15,
        16,
        17,
        18,
        19,
        20,
        21,
        22,
        23,
        24,
        25,
        26,
        27,
        28,
        29,
        30
    ],
    "train_losses": [
        3.257063627243042,
        1.2209900617599487,
        0.823268711566925,
        0.7323437333106995,
        0.6807359457015991,
        0.6556979417800903,
        0.6318252086639404,
        0.6163554787635803,
        0.609082818031311,
        0.5937444567680359,
        0.5845929384231567,
        0.5779372453689575,
        0.5703388452529907,
        0.5659841299057007,
        0.5599576830863953,
        0.5508068203926086,
        0.5456849932670593,
        0.543068528175354,
        0.5376831293106079,
        0.532806396484375,
        0.5272405743598938,
        0.5273942947387695,
        0.5250252485275269,
        0.5207929611206055,
        0.518269956111908,
        0.5151467323303223,
        0.5109478831291199,
        0.5094049572944641,
        0.5079376697540283,
        0.502242922782898,
        0.5048030614852905
    ],
    "valid_losses": [
        3.257319688796997,
        0.7687625288963318,
        0.6224237084388733,
        0.5574274659156799,
        0.5262777209281921,
        0.5108476877212524,
        0.495088130235672,
        0.48523715138435364,
        0.47418615221977234,
        0.46972787380218506,
        0.46397653222084045,
        0.46275997161865234,
        0.46051058173179626,
        0.45724546909332275,
        0.4548090994358063,
        0.4521864056587219,
        0.4535506069660187,
        0.44960927963256836,
        0.45481446385383606,
        0.44598764181137085,
        0.4484606981277466,
        0.4485599398612976,
        0.4445496201515198,
        0.4413919448852539,
        0.4411639869213104,
        0.4340420365333557,
        0.4416593015193939,
        0.43270647525787354,
        0.4380680024623871,
        0.4404594898223877,
        0.4416916072368622
    ],
    "train_accs": [
        0.03966346010565758,
        0.7807115316390991,
        0.8241826891899109,
        0.8429518938064575,
        0.8537692427635193,
        0.8588942289352417,
        0.865086555480957,
        0.8682884573936462,
        0.8723750114440918,
        0.875249981880188,
        0.8776153922080994,
        0.878326952457428,
        0.8809807896614075,
        0.8820576667785645,
        0.8833172917366028,
        0.8849038481712341,
        0.8856250047683716,
        0.8886442184448242,
        0.8879519104957581,
        0.8894615173339844,
        0.8894423246383667,
        0.8890961408615112,
        0.8917403817176819,
        0.8928750157356262,
        0.8921634554862976,
        0.8952403664588928,
        0.8945577144622803,
        0.895807683467865,
        0.8971442580223083,
        0.8951730728149414,
        0.8955865502357483
    ],
    "valid_accs": [
        0.03759615495800972,
        0.779567301273346,
        0.8191826939582825,
        0.8373076915740967,
        0.844278872013092,
        0.8484615087509155,
        0.8520192503929138,
        0.8547596335411072,
        0.8578365445137024,
        0.8595192432403564,
        0.8600480556488037,
        0.8603846430778503,
        0.8640865087509155,
        0.8615865111351013,
        0.8631250262260437,
        0.8623076677322388,
        0.8622596263885498,
        0.8669711351394653,
        0.864759624004364,
        0.864759624004364,
        0.8677403926849365,
        0.866490364074707,
        0.8687980771064758,
        0.8698557615280151,
        0.8688461780548096,
        0.8714903593063354,
        0.8686538338661194,
        0.8709134459495544,
        0.8689903616905212,
        0.8669230937957764,
        0.8688461780548096
    ],
    "final_train_acc": 0.8955865502357483,
    "best_val_acc": 0.8714903593063354,
    "test_acc": 0.8697115182876587,
    "config": {
        "batch_size": 64,
        "hidden_size": 64,
        "layers": 1,
        "learning_rate": 0.001,
        "l2_decay": 0.0,
        "dropout": 0.2,
        "activation": "relu",
        "optimizer": "adam",
        "epochs": 30,
        "model": "width-64"
    }
}