{"epochs": [0, 1, 2, 3, 4, 5, 6, 7, 8, 9, 10, 11, 12, 13, 14, 15, 16, 17, 18, 19, 20, 21, 22, 23, 24, 25, 26, 27, 28, 29, 30], "train_losses": [3.263404130935669, 1.0371551513671875, 0.7036429047584534, 0.6339316964149475, 0.5970484614372253, 0.577043354511261, 0.563498318195343, 0.5530582666397095, 0.5434749722480774, 0.5351353883743286, 0.5296893119812012, 0.52544105052948, 0.5203906893730164, 0.5152095556259155, 0.5138168931007385, 0.50868159532547, 0.506495475769043, 0.5025643706321716, 0.5007493495941162, 0.49915656447410583, 0.49646875262260437, 0.49321094155311584, 0.49161168932914734, 0.49064287543296814, 0.48965126276016235, 0.48699089884757996, 0.4860895574092865, 0.48373690247535706, 0.4842367172241211, 0.4811113178730011, 0.4795073866844177], "valid_losses": [3.263585090637207, 0.7756898999214172, 0.6700705289840698, 0.6375866532325745, 0.623065710067749, 0.6099863648414612, 0.6147599220275879, 0.6177901029586792, 0.5901686549186707, 0.5830952525138855, 0.5826845169067383, 0.5852366089820862, 0.6047952771186829, 0.5748453140258789, 0.5725448131561279, 0.5623777508735657, 0.5637866258621216, 0.5760301947593689, 0.5865355730056763, 0.5666803121566772, 0.5753999948501587, 0.583783745765686, 0.5750625729560852, 0.5956158638000488, 0.5863292217254639, 0.5634823441505432, 0.5785142183303833, 0.5827569365501404, 0.5689252018928528, 0.5808262825012207, 0.5799907445907593], "train_accs": [0.03113461472094059, 0.7816346287727356, 0.8141154050827026, 0.8262307643890381, 0.8315095901489258, 0.832980751991272, 0.8325096368789673, 0.8298461437225342, 0.8435673117637634, 0.8450480699539185, 0.8453365564346313, 0.8449423313140869, 0.8417019248008728, 0.848355770111084, 0.8504999876022339, 0.8564615249633789, 0.857567310333252, 0.8516634702682495, 0.8485673069953918, 0.8566827178001404, 0.8524326682090759, 0.8535192012786865, 0.8568942546844482, 0.8486922979354858, 0.8508846163749695, 0.861057698726654, 0.8552500009536743, 0.8528557419776917, 0.8614903688430786, 0.8568845987319946, 0.8596153855323792], "valid_accs": [0.0314423069357872, 0.7786057591438293, 0.8030288219451904, 0.8139423131942749, 0.817884624004364, 0.8205769062042236, 0.8171634674072266, 0.8203365206718445, 0.827019214630127, 0.8280288577079773, 0.8301442265510559, 0.8277403712272644, 0.8187980651855469, 0.829230785369873, 0.8280768990516663, 0.8334134817123413, 0.8337500095367432, 0.8308653831481934, 0.8265384435653687, 0.831250011920929, 0.8277403712272644, 0.829278826713562, 0.8325961828231812, 0.8268269300460815, 0.8288942575454712, 0.8347595930099487, 0.8285576701164246, 0.8279807567596436, 0.8339903950691223, 0.8278846144676208, 0.832355797290802], "final_train_acc": 0.8596153855323792, "best_val_acc": 0.8347595930099487, "test_acc": 0.833509624004364, "config": {"batch_size": 64, "hidden_size": 32, "layers": 1, "learning_rate": 0.003, "l2_decay": 0.0, "dropout": 0.0, "activation": "relu", "optimizer": "adam", "epochs": 30, "model": "width-32"}}