{
    "epochs": [
        0,
        1,
        2,
        3,
        4,
        5,
        6,
        7,
        8,
        9,
        10,
        11,
        12,
        13,
        14,
        15,
        16,
        17,
        18,
        19,
        20,
        21,
        22,
        23,
        24,
        25,
        26,
        27,
        28,
        29,
        30
    ],
    "train_losses": [
        3.264930009841919,
        1.4169273376464844,
        1.1675676107406616,
        1.1033002138137817,
        1.0655112266540527,
        1.0460883378982544,
        1.0318702459335327,
        1.013441801071167,
        1.0026295185089111,
        0.9962114691734314,
        0.9852744936943054,
        0.9826493859291077,
        0.9780573844909668,
        0.9684701561927795,
        0.9655485153198242,
        0.9618249535560608,
        0.9579735398292542,
        0.953912615776062,
        0.9524737596511841,
        0.9479170441627502,
        0.947908341884613,
        0.9440655708312988,
        0.9466990828514099,
        0.9392435550689697,
        0.9431045651435852,
        0.9419140815734863,
        0.9382942914962769,
        0.9369927644729614,
        0.9352161288261414,
        0.932666003704071,
        0.9295692443847656
    ],
    "valid_losses": [
        3.264618396759033,
        0.9514464139938354,
        0.8741461634635925,
        0.7994081377983093,
        0.7917124629020691,
        0.7627661824226379,
        0.7579582333564758,
        0.7342649102210999,
        0.7324345707893372,
        0.7192570567131042,
        0.7118083238601685,
        0.715488851070404,
        0.7177315354347229,
        0.7185777425765991,
        0.708362877368927,
        0.7075428366661072,
        0.7013756632804871,
        0.7152099013328552,
        0.7056107521057129,
        0.6968971490859985,
        0.6932550668716431,
        0.7115678787231445,
        0.7141363024711609,
        0.704594612121582,
        0.7057429552078247,
        0.700704038143158,
        0.6905049085617065,
        0.6860710382461548,
        0.6948347091674805,
        0.6900646686553955,
        0.6907997131347656
    ],
    "train_accs": [
        0.04038461670279503,
        0.7320384383201599,
        0.7535865306854248,
        0.7744327187538147,
        0.7797499895095825,
        0.7839134335517883,
        0.783634603023529,
        0.7943173050880432,
        0.7990577220916748,
        0.7997115254402161,
        0.8043269515037537,
        0.8030673265457153,
        0.8026442527770996,
        0.8001057505607605,
        0.8024519085884094,
        0.8043172955513,
        0.8094134330749512,
        0.8063557744026184,
        0.8071826696395874,
        0.8095480799674988,
        0.813153862953186,
        0.808346152305603,
        0.8082980513572693,
        0.804192304611206,
        0.8096346259117126,
        0.8122307658195496,
        0.814884603023529,
        0.8153269290924072,
        0.8136923313140869,
        0.8178942203521729,
        0.8152019381523132
    ],
    "valid_accs": [
        0.04062499850988388,
        0.7269230484962463,
        0.7454807758331299,
        0.7658172845840454,
        0.7725961804389954,
        0.775817334651947,
        0.7737500071525574,
        0.7825961709022522,
        0.7870672941207886,
        0.7889903783798218,
        0.7926923036575317,
        0.7912980914115906,
        0.7911538481712341,
        0.7880769371986389,
        0.790913462638855,
        0.7892788648605347,
        0.7927884459495544,
        0.7923076748847961,
        0.7929326891899109,
        0.7944231033325195,
        0.7961057424545288,
        0.7917788624763489,
        0.7918750047683716,
        0.7853845953941345,
        0.7928845882415771,
        0.7928365468978882,
        0.7971153855323792,
        0.7958653569221497,
        0.7964903712272644,
        0.7973557710647583,
        0.7956249713897705
    ],
    "final_train_acc": 0.8152019381523132,
    "best_val_acc": 0.7973557710647583,
    "test_acc": 0.8009615540504456,
    "config": {
        "batch_size": 64,
        "hidden_size": 32,
        "layers": 1,
        "learning_rate": 0.003,
        "l2_decay": 0.0,
        "dropout": 0.2,
        "activation": "relu",
        "optimizer": "adam",
        "epochs": 30,
        "model": "width-32"
    }
}