{
    "epochs": [
        0,
        1,
        2,
        3,
        4,
        5,
        6,
        7,
        8,
        9,
        10,
        11,
        12,
        13,
        14,
        15,
        16,
        17,
        18,
        19,
        20,
        21,
        22,
        23,
        24,
        25,
        26,
        27,
        28,
        29,
        30
    ],
    "train_losses": [
        3.2647578716278076,
        1.2594411373138428,
        0.7680338621139526,
        0.6076906323432922,
        0.5224236845970154,
        0.47426638007164,
        0.4352295398712158,
        0.4118472933769226,
        0.39183446764945984,
        0.37618348002433777,
        0.36223581433296204,
        0.35063740611076355,
        0.34165772795677185,
        0.33082911372184753,
        0.3263908922672272,
        0.3177795708179474,
        0.31149235367774963,
        0.3074653446674347,
        0.30099615454673767,
        0.29627716541290283,
        0.2923150360584259,
        0.28577637672424316,
        0.28370553255081177,
        0.281207412481308,
        0.2778184115886688,
        0.2728962302207947,
        0.2701062262058258,
        0.2673385739326477,
        0.2670244872570038,
        0.2635968029499054,
        0.25966131687164307
    ],
    "valid_losses": [
        3.2651264667510986,
        0.8544236421585083,
        0.6226453185081482,
        0.512276828289032,
        0.4560100734233856,
        0.4166984558105469,
        0.3950256407260895,
        0.3745449483394623,
        0.35966745018959045,
        0.3517112731933594,
        0.3405890166759491,
        0.3360649645328522,
        0.3294147551059723,
        0.32563841342926025,
        0.32156163454055786,
        0.3161979615688324,
        0.3137857913970947,
        0.3139001131057739,
        0.3101347088813782,
        0.30906301736831665,
        0.3047890067100525,
        0.30370479822158813,
        0.3089579641819,
        0.3005962371826172,
        0.30046772956848145,
        0.2981313169002533,
        0.2960115671157837,
        0.29619383811950684,
        0.2934529483318329,
        0.29527562856674194,
        0.29414689540863037
    ],
    "train_accs": [
        0.04364423081278801,
        0.7627019286155701,
        0.8278942108154297,
        0.860355794429779,
        0.8756346106529236,
        0.8877403736114502,
        0.895480751991272,
        0.9017980694770813,
        0.907403826713562,
        0.9100673198699951,
        0.9145192503929138,
        0.9163749814033508,
        0.9192115664482117,
        0.9210192561149597,
        0.9238749742507935,
        0.9254422783851624,
        0.9277211427688599,
        0.9278749823570251,
        0.9309134483337402,
        0.9308654069900513,
        0.933221161365509,
        0.9329134821891785,
        0.9327980875968933,
        0.9348557591438293,
        0.9362788200378418,
        0.937701940536499,
        0.9381442070007324,
        0.9396730661392212,
        0.9409615397453308,
        0.9402596354484558,
        0.9417019486427307
    ],
    "valid_accs": [
        0.04374999925494194,
        0.7615384459495544,
        0.8209615349769592,
        0.8509615659713745,
        0.8633654117584229,
        0.8751922845840454,
        0.880961537361145,
        0.8878846168518066,
        0.8914903998374939,
        0.8938461542129517,
        0.8955768942832947,
        0.8975480794906616,
        0.8995673060417175,
        0.9006249904632568,
        0.9001442193984985,
        0.9024519324302673,
        0.9029807448387146,
        0.9024999737739563,
        0.9046154022216797,
        0.9040384888648987,
        0.9054327011108398,
        0.904519259929657,
        0.9039422869682312,
        0.906826913356781,
        0.9071153998374939,
        0.9083653688430786,
        0.9080769419670105,
        0.9070192575454712,
        0.9085096120834351,
        0.907932698726654,
        0.9090384840965271
    ],
    "final_train_acc": 0.9417019486427307,
    "best_val_acc": 0.9090384840965271,
    "test_acc": 0.9092307686805725,
    "config": {
        "batch_size": 64,
        "hidden_size": 256,
        "layers": 1,
        "learning_rate": 0.0003,
        "l2_decay": 0.0001,
        "dropout": 0.2,
        "activation": "relu",
        "optimizer": "adam",
        "epochs": 30,
        "model": "width-256"
    }
}