{
    "epochs": [
        0,
        1,
        2,
        3,
        4,
        5,
        6,
        7,
        8,
        9,
        10,
        11,
        12,
        13,
        14,
        15,
        16,
        17,
        18,
        19,
        20,
        21,
        22,
        23,
        24,
        25,
        26,
        27,
        28,
        29,
        30
    ],
    "train_losses": [
        3.2688591480255127,
        1.335163950920105,
        1.0772227048873901,
        1.0158312320709229,
        0.9861544370651245,
        0.9608867764472961,
        0.9351266026496887,
        0.9213714003562927,
        0.9100896120071411,
        0.9029527306556702,
        0.8966277241706848,
        0.8946930766105652,
        0.8867505192756653,
        0.8822621703147888,
        0.8781078457832336,
        0.8794897198677063,
        0.8743160963058472,
        0.8726018071174622,
        0.8731825947761536,
        0.8684662580490112,
        0.8624614477157593,
        0.8627424836158752,
        0.8534881472587585,
        0.8580735921859741,
        0.8541259169578552,
        0.8513311147689819,
        0.8527078032493591,
        0.8516568541526794,
        0.849653422832489,
        0.8462387323379517,
        0.8399748802185059
    ],
    "valid_losses": [
        3.268538475036621,
        0.8765350580215454,
        0.794502317905426,
        0.7454755306243896,
        0.7298071384429932,
        0.6992460489273071,
        0.7005959153175354,
        0.6827057600021362,
        0.6700173020362854,
        0.658735990524292,
        0.6557857394218445,
        0.6550838351249695,
        0.6644653081893921,
        0.6574459075927734,
        0.6424471139907837,
        0.6392189860343933,
        0.6477928161621094,
        0.6447421312332153,
        0.6405835747718811,
        0.6507272124290466,
        0.6396913528442383,
        0.6442753672599792,
        0.641475260257721,
        0.6402567028999329,
        0.6233726143836975,
        0.6311755180358887,
        0.6311468482017517,
        0.6227560043334961,
        0.6281135082244873,
        0.6247439980506897,
        0.6218680739402771
    ],
    "train_accs": [
        0.03759615495800972,
        0.7489038705825806,
        0.7722018957138062,
        0.7897980809211731,
        0.7941634654998779,
        0.8014711737632751,
        0.8032403588294983,
        0.8066827058792114,
        0.809173047542572,
        0.8168365359306335,
        0.8152884840965271,
        0.8169711828231812,
        0.8135192394256592,
        0.8152211308479309,
        0.8227499723434448,
        0.8222115635871887,
        0.8160480856895447,
        0.8170384764671326,
        0.8228365182876587,
        0.8155769109725952,
        0.821836531162262,
        0.8179615139961243,
        0.8225288391113281,
        0.8173750042915344,
        0.8233653903007507,
        0.8247788548469543,
        0.8261730670928955,
        0.8279711604118347,
        0.8284230828285217,
        0.8286442160606384,
        0.8296346068382263
    ],
    "valid_accs": [
        0.03706730902194977,
        0.7473557591438293,
        0.7674038410186768,
        0.7837499976158142,
        0.7867788672447205,
        0.7932692170143127,
        0.792644202709198,
        0.7985095977783203,
        0.8046153783798218,
        0.8079807758331299,
        0.8062019348144531,
        0.8075481057167053,
        0.8032692074775696,
        0.8044711351394653,
        0.814230740070343,
        0.8105769157409668,
        0.8074519038200378,
        0.8075000047683716,
        0.8114903569221497,
        0.8047115206718445,
        0.8105288743972778,
        0.8084615468978882,
        0.811346173286438,
        0.8057692050933838,
        0.8131250143051147,
        0.813028872013092,
        0.8126922845840454,
        0.8137500286102295,
        0.8145192265510559,
        0.8145673274993896,
        0.8161057829856873
    ],
    "final_train_acc": 0.8296346068382263,
    "best_val_acc": 0.8161057829856873,
    "test_acc": 0.8201442360877991,
    "config": {
        "batch_size": 64,
        "hidden_size": 32,
        "layers": 1,
        "learning_rate": 0.003,
        "l2_decay": 0.0001,
        "dropout": 0.2,
        "activation": "relu",
        "optimizer": "adam",
        "epochs": 30,
        "model": "width-32"
    }
}