{
    "epochs": [
        0,
        1,
        2,
        3,
        4,
        5,
        6,
        7,
        8,
        9,
        10,
        11,
        12,
        13,
        14,
        15,
        16,
        17,
        18,
        19,
        20,
        21,
        22,
        23,
        24,
        25,
        26,
        27,
        28,
        29,
        30
    ],
    "train_losses": [
        3.259917974472046,
        1.294394850730896,
        0.8245736956596375,
        0.6571757793426514,
        0.5590811967849731,
        0.4975627362728119,
        0.4547627568244934,
        0.4234829843044281,
        0.3993617296218872,
        0.38024580478668213,
        0.36412179470062256,
        0.35133302211761475,
        0.3392287492752075,
        0.3289983570575714,
        0.32004502415657043,
        0.3122219741344452,
        0.3044373691082001,
        0.29828378558158875,
        0.2921838164329529,
        0.2861737310886383,
        0.28101837635040283,
        0.27620482444763184,
        0.271826833486557,
        0.2677405774593353,
        0.26398149132728577,
        0.2598728835582733,
        0.2564764618873596,
        0.2528623938560486,
        0.25000491738319397,
        0.24652661383152008,
        0.24374042451381683
    ],
    "valid_losses": [
        3.2598307132720947,
        0.9493632912635803,
        0.736887514591217,
        0.6113784313201904,
        0.5438148975372314,
        0.49365460872650146,
        0.46869710087776184,
        0.443502277135849,
        0.4270361363887787,
        0.41062480211257935,
        0.39968380331993103,
        0.3945389986038208,
        0.3867906928062439,
        0.38134223222732544,
        0.37810420989990234,
        0.3692237436771393,
        0.3640528619289398,
        0.3641832768917084,
        0.3630923330783844,
        0.3595128059387207,
        0.3571704924106598,
        0.35207533836364746,
        0.35501810908317566,
        0.3538302183151245,
        0.35084304213523865,
        0.3458191752433777,
        0.34585216641426086,
        0.34534239768981934,
        0.34071996808052063,
        0.3409044146537781,
        0.3396872282028198
    ],
    "train_accs": [
        0.042115382850170135,
        0.7343845963478088,
        0.7957596182823181,
        0.8335480690002441,
        0.8509711623191833,
        0.866115391254425,
        0.8742499947547913,
        0.8826153874397278,
        0.8878173232078552,
        0.8945961594581604,
        0.8971442580223083,
        0.8995577096939087,
        0.9026827216148376,
        0.9049807786941528,
        0.9064038395881653,
        0.9099326729774475,
        0.9129038453102112,
        0.9127307534217834,
        0.9155096411705017,
        0.9164326786994934,
        0.9181923270225525,
        0.919326901435852,
        0.9203269481658936,
        0.9208269119262695,
        0.9225480556488037,
        0.9249423146247864,
        0.9248173236846924,
        0.9261922836303711,
        0.9285672903060913,
        0.9289230704307556,
        0.9297115206718445
    ],
    "valid_accs": [
        0.04322115331888199,
        0.7308653593063354,
        0.7891826629638672,
        0.8246634602546692,
        0.8400961756706238,
        0.8557692170143127,
        0.8608173131942749,
        0.867884635925293,
        0.8718269467353821,
        0.8783172965049744,
        0.8802403807640076,
        0.8802884817123413,
        0.8823557496070862,
        0.8833653926849365,
        0.8819711804389954,
        0.8868749737739563,
        0.8886057734489441,
        0.8879807591438293,
        0.8881250023841858,
        0.889471173286438,
        0.8898557424545288,
        0.8901923298835754,
        0.8914903998374939,
        0.889519214630127,
        0.8921154141426086,
        0.8939422965049744,
        0.8920673131942749,
        0.894855797290802,
        0.8952403664588928,
        0.8964422941207886,
        0.8967307806015015
    ],
    "final_train_acc": 0.9297115206718445,
    "best_val_acc": 0.8967307806015015,
    "test_acc": 0.8946154117584229,
    "config": {
        "batch_size": 64,
        "hidden_size": 128,
        "layers": 1,
        "learning_rate": 0.0003,
        "l2_decay": 0.0001,
        "dropout": 0.0,
        "activation": "relu",
        "optimizer": "adam",
        "epochs": 30,
        "model": "width-128"
    }
}