{
    "epochs": [
        0,
        1,
        2,
        3,
        4,
        5,
        6,
        7,
        8,
        9,
        10,
        11,
        12,
        13,
        14,
        15,
        16,
        17,
        18,
        19,
        20,
        21,
        22,
        23,
        24,
        25,
        26,
        27,
        28,
        29,
        30
    ],
    "train_losses": [
        3.2626163959503174,
        1.6229499578475952,
        1.1005299091339111,
        1.0050668716430664,
        0.9405255317687988,
        0.8872861266136169,
        0.841494619846344,
        0.8025097846984863,
        0.7699247002601624,
        0.7420848608016968,
        0.7190625667572021,
        0.7003090381622314,
        0.6840300559997559,
        0.6697574257850647,
        0.6571083068847656,
        0.6462059020996094,
        0.6358489990234375,
        0.6267634630203247,
        0.6181277632713318,
        0.6098658442497253,
        0.6028286218643188,
        0.5954776406288147,
        0.5896247029304504,
        0.5837833285331726,
        0.5781313180923462,
        0.5729555487632751,
        0.568369448184967,
        0.5632038712501526,
        0.5592222213745117,
        0.5549894571304321,
        0.5507495999336243
    ],
    "valid_losses": [
        3.262634038925171,
        1.1850441694259644,
        1.0541218519210815,
        0.981704592704773,
        0.9265009760856628,
        0.8759291172027588,
        0.8385549783706665,
        0.8066965937614441,
        0.7745611071586609,
        0.7510611414909363,
        0.7323150038719177,
        0.7193876504898071,
        0.705987274646759,
        0.694392204284668,
        0.6819508075714111,
        0.6735309362411499,
        0.6640706062316895,
        0.6599224805831909,
        0.6522380113601685,
        0.646715521812439,
        0.6397147178649902,
        0.6358201503753662,
        0.6345497369766235,
        0.6288861036300659,
        0.6232765316963196,
        0.6163856387138367,
        0.6148524880409241,
        0.6127828359603882,
        0.6085198521614075,
        0.6064813733100891,
        0.6008737683296204
    ],
    "train_accs": [
        0.04759615287184715,
        0.6672596335411072,
        0.7045000195503235,
        0.7262211441993713,
        0.7423750162124634,
        0.7575288414955139,
        0.7679519057273865,
        0.7779904007911682,
        0.7872499823570251,
        0.7933942079544067,
        0.7997307777404785,
        0.8032788634300232,
        0.8070288300514221,
        0.8095384836196899,
        0.8135961294174194,
        0.81620192527771,
        0.8197788596153259,
        0.8203846216201782,
        0.823971152305603,
        0.8246634602546692,
        0.82734614610672,
        0.8282307982444763,
        0.8297595977783203,
        0.8298653960227966,
        0.8327115178108215,
        0.8361730575561523,
        0.8350961804389954,
        0.8367307782173157,
        0.8381345868110657,
        0.8392403721809387,
        0.8410000205039978
    ],
    "valid_accs": [
        0.05057692155241966,
        0.6632692217826843,
        0.7027403712272644,
        0.7240384817123413,
        0.7380288243293762,
        0.7518269419670105,
        0.7628846168518066,
        0.770480751991272,
        0.7768750190734863,
        0.7827404141426086,
        0.7878365516662598,
        0.7922596335411072,
        0.795769214630127,
        0.7970672845840454,
        0.8013461828231812,
        0.8031730651855469,
        0.8063461780548096,
        0.8063942193984985,
        0.8091827034950256,
        0.8103846311569214,
        0.8134134411811829,
        0.811971127986908,
        0.8142788410186768,
        0.814230740070343,
        0.8175480961799622,
        0.8202884793281555,
        0.8186057806015015,
        0.8200480937957764,
        0.8214904069900513,
        0.8215384483337402,
        0.8229807615280151
    ],
    "final_train_acc": 0.8410000205039978,
    "best_val_acc": 0.8229807615280151,
    "test_acc": 0.8235576748847961,
    "config": {
        "batch_size": 64,
        "hidden_size": 32,
        "layers": 1,
        "learning_rate": 0.0003,
        "l2_decay": 0.0,
        "dropout": 0.0,
        "activation": "relu",
        "optimizer": "adam",
        "epochs": 30,
        "model": "width-32"
    }
}