{
    "epochs": [
        0,
        1,
        2,
        3,
        4,
        5,
        6,
        7,
        8,
        9,
        10,
        11,
        12,
        13,
        14,
        15,
        16,
        17,
        18,
        19,
        20,
        21,
        22,
        23,
        24,
        25,
        26,
        27,
        28,
        29,
        30
    ],
    "train_losses": [
        3.268277883529663,
        1.2929050922393799,
        1.0339516401290894,
        0.9759772419929504,
        0.9361903667449951,
        0.9085736274719238,
        0.8908976912498474,
        0.8751769661903381,
        0.864373505115509,
        0.8544939756393433,
        0.8454481959342957,
        0.8391799330711365,
        0.8348895907402039,
        0.830517590045929,
        0.8246467709541321,
        0.8209221959114075,
        0.8169770240783691,
        0.8141311407089233,
        0.8105385303497314,
        0.80870521068573,
        0.8047328591346741,
        0.8030153512954712,
        0.8002245426177979,
        0.7979162931442261,
        0.7964698076248169,
        0.7961368560791016,
        0.79279625415802,
        0.7924167513847351,
        0.7909495830535889,
        0.7900431156158447,
        0.7875921130180359
    ],
    "valid_losses": [
        3.2679364681243896,
        1.0901163816452026,
        1.0118950605392456,
        0.9648950099945068,
        0.9597779512405396,
        0.9231382608413696,
        0.918188750743866,
        0.8938212990760803,
        0.8847241401672363,
        0.8731798529624939,
        0.8686426877975464,
        0.8649116158485413,
        0.8724523186683655,
        0.8556880950927734,
        0.8546916246414185,
        0.8409144282341003,
        0.8409957885742188,
        0.8575674891471863,
        0.8489126563072205,
        0.8381115794181824,
        0.838236391544342,
        0.8391426801681519,
        0.8274163603782654,
        0.8316336870193481,
        0.8222832083702087,
        0.8341546058654785,
        0.8477168083190918,
        0.8201771974563599,
        0.8412439227104187,
        0.8389869928359985,
        0.815849244594574
    ],
    "train_accs": [
        0.0340673066675663,
        0.6919615268707275,
        0.7154904007911682,
        0.7326730489730835,
        0.7345288395881653,
        0.7378749847412109,
        0.7430576682090759,
        0.7492788434028625,
        0.7518653869628906,
        0.7538846135139465,
        0.7563173174858093,
        0.7590961456298828,
        0.7539423108100891,
        0.7601826786994934,
        0.756990373134613,
        0.7650769352912903,
        0.762374997138977,
        0.756288468837738,
        0.7590481042861938,
        0.7660384774208069,
        0.7640865445137024,
        0.7633557915687561,
        0.7676153779029846,
        0.7649807929992676,
        0.7661923170089722,
        0.7596250176429749,
        0.7616057395935059,
        0.771211564540863,
        0.759913444519043,
        0.7624807953834534,
        0.7720192074775696
    ],
    "valid_accs": [
        0.03326923027634621,
        0.6862019300460815,
        0.7086057662963867,
        0.7254807949066162,
        0.7252404093742371,
        0.7324519157409668,
        0.735480785369873,
        0.7401442527770996,
        0.7446634769439697,
        0.7475000023841858,
        0.745192289352417,
        0.7530288696289062,
        0.7462499737739563,
        0.7519230842590332,
        0.7467307448387146,
        0.7522115111351013,
        0.7540384531021118,
        0.7460095882415771,
        0.7498077154159546,
        0.755384624004364,
        0.7527403831481934,
        0.751153826713562,
        0.7522115111351013,
        0.7503846287727356,
        0.7552403807640076,
        0.7479326725006104,
        0.7487019300460815,
        0.7580288648605347,
        0.7460576891899109,
        0.7496153712272644,
        0.7594711780548096
    ],
    "final_train_acc": 0.7720192074775696,
    "best_val_acc": 0.7594711780548096,
    "test_acc": 0.7632211446762085,
    "config": {
        "batch_size": 64,
        "hidden_size": 16,
        "layers": 1,
        "learning_rate": 0.003,
        "l2_decay": 0.0,
        "dropout": 0.0,
        "activation": "relu",
        "optimizer": "adam",
        "epochs": 30,
        "model": "width-16"
    }
}