{
    "epochs": [
        0,
        1,
        2,
        3,
        4,
        5,
        6,
        7,
        8,
        9,
        10,
        11,
        12,
        13,
        14,
        15,
        16,
        17,
        18,
        19,
        20,
        21,
        22,
        23,
        24,
        25,
        26,
        27,
        28,
        29,
        30
    ],
    "train_losses": [
        3.264892816543579,
        1.7286858558654785,
        1.1216931343078613,
        0.9991522431373596,
        0.9080685377120972,
        0.8293889760971069,
        0.7615158557891846,
        0.7046321630477905,
        0.6571361422538757,
        0.6173499226570129,
        0.5840474963188171,
        0.5560512542724609,
        0.5318403840065002,
        0.5105644464492798,
        0.49223583936691284,
        0.47591161727905273,
        0.46124276518821716,
        0.44798851013183594,
        0.4362074136734009,
        0.42514100670814514,
        0.41509923338890076,
        0.40568894147872925,
        0.39754530787467957,
        0.3897167146205902,
        0.38220730423927307,
        0.37561479210853577,
        0.36907997727394104,
        0.3628801703453064,
        0.3576383590698242,
        0.3521733283996582,
        0.3469775319099426
    ],
    "valid_losses": [
        3.265082597732544,
        1.223917007446289,
        1.0578023195266724,
        0.9617128372192383,
        0.8784104585647583,
        0.806959331035614,
        0.7480257749557495,
        0.6978232264518738,
        0.6560457348823547,
        0.6207724809646606,
        0.5925461053848267,
        0.5692713260650635,
        0.5490716695785522,
        0.5313192009925842,
        0.5156078934669495,
        0.5023985505104065,
        0.4901779294013977,
        0.4803662598133087,
        0.47004109621047974,
        0.4611015021800995,
        0.4542960226535797,
        0.44692111015319824,
        0.4413359761238098,
        0.43594807386398315,
        0.4297570288181305,
        0.4238763451576233,
        0.41904133558273315,
        0.4152316153049469,
        0.4109917879104614,
        0.40631723403930664,
        0.4035998582839966
    ],
    "train_accs": [
        0.03984615206718445,
        0.6551730632781982,
        0.7033076882362366,
        0.732442319393158,
        0.7572307586669922,
        0.7774038314819336,
        0.7961153984069824,
        0.8096634745597839,
        0.8212980628013611,
        0.831576943397522,
        0.8393653631210327,
        0.845355749130249,
        0.8511731028556824,
        0.8570192456245422,
        0.8618268966674805,
        0.8651634454727173,
        0.8700768947601318,
        0.8729807734489441,
        0.876153826713562,
        0.8784807920455933,
        0.880057692527771,
        0.8822884559631348,
        0.8857884407043457,
        0.8863365650177002,
        0.8890480995178223,
        0.891855776309967,
        0.8928653597831726,
        0.8946634531021118,
        0.8959423303604126,
        0.8972692489624023,
        0.8983846306800842
    ],
    "valid_accs": [
        0.04081730917096138,
        0.653124988079071,
        0.7003365159034729,
        0.7299519181251526,
        0.751682698726654,
        0.7716826796531677,
        0.7900000214576721,
        0.8036538362503052,
        0.8133653998374939,
        0.8223077058792114,
        0.8313461542129517,
        0.837788462638855,
        0.8414422869682312,
        0.8466346263885498,
        0.8500480651855469,
        0.852836549282074,
        0.857692301273346,
        0.8601442575454712,
        0.8622115254402161,
        0.8646153807640076,
        0.8662499785423279,
        0.8676922917366028,
        0.8687019348144531,
        0.870721161365509,
        0.8725000023841858,
        0.8731730580329895,
        0.8750961422920227,
        0.8771634697914124,
        0.8783653974533081,
        0.879807710647583,
        0.8800961375236511
    ],
    "final_train_acc": 0.8983846306800842,
    "best_val_acc": 0.8800961375236511,
    "test_acc": 0.8768749833106995,
    "config": {
        "batch_size": 64,
        "hidden_size": 128,
        "layers": 1,
        "learning_rate": 0.0001,
        "l2_decay": 0.0,
        "dropout": 0.0,
        "activation": "relu",
        "optimizer": "adam",
        "epochs": 30,
        "model": "width-128"
    }
}