{
    "epochs": [
        0,
        1,
        2,
        3,
        4,
        5,
        6,
        7,
        8,
        9,
        10,
        11,
        12,
        13,
        14,
        15,
        16,
        17,
        18,
        19,
        20,
        21,
        22,
        23,
        24,
        25,
        26,
        27,
        28,
        29,
        30
    ],
    "train_losses": [
        3.2640390396118164,
        2.2069692611694336,
        1.3778690099716187,
        1.2084264755249023,
        1.1327135562896729,
        1.0837123394012451,
        1.0436069965362549,
        1.0092631578445435,
        0.97896409034729,
        0.951442301273346,
        0.9260374307632446,
        0.9027463793754578,
        0.8810450434684753,
        0.8606537580490112,
        0.8415353894233704,
        0.8237016201019287,
        0.8071640729904175,
        0.7914205193519592,
        0.7766480445861816,
        0.7627418637275696,
        0.7500112056732178,
        0.7378764748573303,
        0.7268285155296326,
        0.7165296077728271,
        0.706939160823822,
        0.6979900598526001,
        0.6896239519119263,
        0.6817989945411682,
        0.6747134327888489,
        0.6680219173431396,
        0.6617026925086975
    ],
    "valid_losses": [
        3.264267683029175,
        1.566144585609436,
        1.2749359607696533,
        1.173702359199524,
        1.1164714097976685,
        1.074434518814087,
        1.0394058227539062,
        1.0089075565338135,
        0.9810346961021423,
        0.955325722694397,
        0.9326640367507935,
        0.9116194248199463,
        0.8919060826301575,
        0.8718209862709045,
        0.852858304977417,
        0.837250292301178,
        0.8229780197143555,
        0.8075367212295532,
        0.7933624982833862,
        0.7815427780151367,
        0.7697646021842957,
        0.7591609358787537,
        0.7500247955322266,
        0.740631639957428,
        0.7303014397621155,
        0.7232000231742859,
        0.7159379720687866,
        0.7079298496246338,
        0.7017104625701904,
        0.6957035064697266,
        0.6899452805519104
    ],
    "train_accs": [
        0.055240385234355927,
        0.5892788171768188,
        0.6449615359306335,
        0.6712596416473389,
        0.6889423131942749,
        0.6995096206665039,
        0.711182713508606,
        0.7198365330696106,
        0.7283846139907837,
        0.7348942160606384,
        0.7425673007965088,
        0.7484615445137024,
        0.7531057596206665,
        0.7585192322731018,
        0.7644519209861755,
        0.7685576677322388,
        0.7730481028556824,
        0.7760961651802063,
        0.7801730632781982,
        0.7833942174911499,
        0.7870192527770996,
        0.7887115478515625,
        0.7927019000053406,
        0.795596182346344,
        0.7981346249580383,
        0.8007692098617554,
        0.8024807572364807,
        0.8048365116119385,
        0.8066923022270203,
        0.8082980513572693,
        0.8095576763153076
    ],
    "valid_accs": [
        0.054807692766189575,
        0.5886538624763489,
        0.6425480842590332,
        0.6692788600921631,
        0.686394214630127,
        0.6969711780548096,
        0.7080768942832947,
        0.7152884602546692,
        0.7226923108100891,
        0.7287980914115906,
        0.734903872013092,
        0.7415865659713745,
        0.7462019324302673,
        0.7522115111351013,
        0.7579807639122009,
        0.7606250047683716,
        0.7648077011108398,
        0.7690865397453308,
        0.7727884650230408,
        0.7749999761581421,
        0.7779327034950256,
        0.7800480723381042,
        0.7848076820373535,
        0.7859615087509155,
        0.7901923060417175,
        0.7900000214576721,
        0.7922596335411072,
        0.7950480580329895,
        0.796346127986908,
        0.7991827130317688,
        0.801105797290802
    ],
    "final_train_acc": 0.8095576763153076,
    "best_val_acc": 0.801105797290802,
    "test_acc": 0.8019711375236511,
    "config": {
        "batch_size": 64,
        "hidden_size": 32,
        "layers": 1,
        "learning_rate": 0.0001,
        "l2_decay": 0.0,
        "dropout": 0.0,
        "activation": "relu",
        "optimizer": "adam",
        "epochs": 30,
        "model": "width-32"
    }
}