{
    "epochs": [
        0,
        1,
        2,
        3,
        4,
        5,
        6,
        7,
        8,
        9,
        10,
        11,
        12,
        13,
        14,
        15,
        16,
        17,
        18,
        19,
        20,
        21,
        22,
        23,
        24,
        25,
        26,
        27,
        28,
        29,
        30
    ],
    "train_losses": [
        3.271320104598999,
        1.839308738708496,
        1.235573172569275,
        1.132265567779541,
        1.0751630067825317,
        1.0356330871582031,
        1.0060640573501587,
        0.9831806421279907,
        0.9646939635276794,
        0.9486761093139648,
        0.9345287084579468,
        0.9230002760887146,
        0.9119383096694946,
        0.9020714163780212,
        0.8930184841156006,
        0.8849968314170837,
        0.8780161738395691,
        0.871579647064209,
        0.8653596639633179,
        0.8597317934036255,
        0.8549041748046875,
        0.8494059443473816,
        0.8455865383148193,
        0.8413323163986206,
        0.8373324871063232,
        0.8342294096946716,
        0.8304150104522705,
        0.8273957371711731,
        0.8244458436965942,
        0.8217201232910156,
        0.8184370994567871
    ],
    "valid_losses": [
        3.2716829776763916,
        1.3374967575073242,
        1.1793020963668823,
        1.1133326292037964,
        1.07023286819458,
        1.0361839532852173,
        1.0129278898239136,
        0.9942512512207031,
        0.9771772623062134,
        0.9637619256973267,
        0.9513587355613708,
        0.9429536461830139,
        0.9328219890594482,
        0.9257252812385559,
        0.9140557646751404,
        0.909885823726654,
        0.902984082698822,
        0.8985342979431152,
        0.8929079174995422,
        0.8879966139793396,
        0.8834509253501892,
        0.8801261186599731,
        0.879096508026123,
        0.8786759376525879,
        0.8702110648155212,
        0.8679609298706055,
        0.8683716058731079,
        0.8638789057731628,
        0.8598301410675049,
        0.8579979538917542,
        0.8560947775840759
    ],
    "train_accs": [
        0.042480770498514175,
        0.618663489818573,
        0.6643557548522949,
        0.6820480823516846,
        0.697163462638855,
        0.7059230804443359,
        0.7132692337036133,
        0.717644214630127,
        0.7232403755187988,
        0.7271922826766968,
        0.7307403683662415,
        0.7337499856948853,
        0.7355769276618958,
        0.7370288372039795,
        0.7411249876022339,
        0.7422884702682495,
        0.7452403903007507,
        0.7455865144729614,
        0.7482788562774658,
        0.750451922416687,
        0.7506827116012573,
        0.7510384321212769,
        0.7531442046165466,
        0.7531730532646179,
        0.7575192451477051,
        0.7582692503929138,
        0.756990373134613,
        0.7594807744026184,
        0.7599231004714966,
        0.7603846192359924,
        0.7605865597724915
    ],
    "valid_accs": [
        0.042596153914928436,
        0.6171153783798218,
        0.6638942360877991,
        0.6819230914115906,
        0.692884624004364,
        0.7006731033325195,
        0.7096154093742371,
        0.7136057615280151,
        0.7203365564346313,
        0.7240865230560303,
        0.7249038219451904,
        0.7277884483337402,
        0.7302404046058655,
        0.733269214630127,
        0.7353846430778503,
        0.7350961565971375,
        0.7399519085884094,
        0.7401922941207886,
        0.7419711351394653,
        0.7427403926849365,
        0.7427403926849365,
        0.745769202709198,
        0.7466827034950256,
        0.7459615468978882,
        0.748846173286438,
        0.7504807710647583,
        0.747451901435852,
        0.7491346001625061,
        0.7518269419670105,
        0.7531730532646179,
        0.7520192265510559
    ],
    "final_train_acc": 0.7605865597724915,
    "best_val_acc": 0.7531730532646179,
    "test_acc": 0.7490384578704834,
    "config": {
        "batch_size": 64,
        "hidden_size": 16,
        "layers": 1,
        "learning_rate": 0.0003,
        "l2_decay": 0.0,
        "dropout": 0.0,
        "activation": "relu",
        "optimizer": "adam",
        "epochs": 30,
        "model": "width-16"
    }
}