{
    "epochs": [
        0,
        1,
        2,
        3,
        4,
        5,
        6,
        7,
        8,
        9,
        10,
        11,
        12,
        13,
        14,
        15,
        16,
        17,
        18,
        19,
        20,
        21,
        22,
        23,
        24,
        25,
        26,
        27,
        28,
        29,
        30
    ],
    "train_losses": [
        3.288872241973877,
        2.6748809814453125,
        2.05250883102417,
        1.839354157447815,
        1.74223792552948,
        1.6723666191101074,
        1.6233439445495605,
        1.5860154628753662,
        1.5622453689575195,
        1.5407217741012573,
        1.5193148851394653,
        1.5043784379959106,
        1.4923330545425415,
        1.4809291362762451,
        1.466851830482483,
        1.4610754251480103,
        1.4523563385009766,
        1.4461019039154053,
        1.4363421201705933,
        1.4338332414627075,
        1.420332908630371,
        1.4147545099258423,
        1.4077706336975098,
        1.4065355062484741,
        1.3972272872924805,
        1.3948092460632324,
        1.3891115188598633,
        1.3857725858688354,
        1.3806135654449463,
        1.3764094114303589,
        1.3696824312210083
    ],
    "valid_losses": [
        3.289398193359375,
        2.0796844959259033,
        1.6912704706192017,
        1.5289065837860107,
        1.4391313791275024,
        1.3785074949264526,
        1.3341690301895142,
        1.3005341291427612,
        1.2749179601669312,
        1.2508246898651123,
        1.2309455871582031,
        1.2117661237716675,
        1.2000720500946045,
        1.1858675479888916,
        1.1720243692398071,
        1.1602157354354858,
        1.1510937213897705,
        1.1436779499053955,
        1.1321824789047241,
        1.1300902366638184,
        1.1168911457061768,
        1.1110481023788452,
        1.101778268814087,
        1.1021727323532104,
        1.0913035869598389,
        1.0859367847442627,
        1.0797077417373657,
        1.0747859477996826,
        1.0714755058288574,
        1.066540002822876,
        1.0596423149108887
    ],
    "train_accs": [
        0.026894230395555496,
        0.4812019169330597,
        0.5498269200325012,
        0.5803173184394836,
        0.6023076772689819,
        0.6168172955513,
        0.6299615502357483,
        0.6380000114440918,
        0.6447404026985168,
        0.651115357875824,
        0.656326949596405,
        0.6603173017501831,
        0.6652884483337402,
        0.6675577163696289,
        0.6741827130317688,
        0.6767981052398682,
        0.6797692179679871,
        0.681913435459137,
        0.6845961809158325,
        0.6867595911026001,
        0.6896827220916748,
        0.6923173069953918,
        0.6942499876022339,
        0.6945865154266357,
        0.6973268985748291,
        0.6995192170143127,
        0.6997692584991455,
        0.7016826868057251,
        0.7024326920509338,
        0.7047692537307739,
        0.7059519290924072
    ],
    "valid_accs": [
        0.02769230678677559,
        0.4812980890274048,
        0.5488942265510559,
        0.5822115540504456,
        0.6029807925224304,
        0.6183173060417175,
        0.6317788362503052,
        0.6383172869682312,
        0.6459134817123413,
        0.6514903903007507,
        0.6573076844215393,
        0.657980740070343,
        0.6645672917366028,
        0.6674519181251526,
        0.6705288290977478,
        0.6738461256027222,
        0.6775961518287659,
        0.6787980794906616,
        0.6818749904632568,
        0.6837019324302673,
        0.685817301273346,
        0.6888942122459412,
        0.6907211542129517,
        0.6909134387969971,
        0.6939423084259033,
        0.6957211494445801,
        0.6953365206718445,
        0.6985096335411072,
        0.6991345882415771,
        0.7007692456245422,
        0.7024038434028625
    ],
    "final_train_acc": 0.7059519290924072,
    "best_val_acc": 0.7024038434028625,
    "test_acc": 0.7000480890274048,
    "config": {
        "batch_size": 64,
        "hidden_size": 16,
        "layers": 1,
        "learning_rate": 0.0001,
        "l2_decay": 0.0001,
        "dropout": 0.2,
        "activation": "relu",
        "optimizer": "adam",
        "epochs": 30,
        "model": "width-16"
    }
}