{"epochs": [0, 1, 2, 3, 4, 5, 6, 7, 8, 9, 10, 11, 12, 13, 14, 15, 16, 17, 18, 19, 20, 21, 22, 23, 24, 25, 26, 27, 28, 29, 30], "train_losses": [3.257675886154175, 0.7419000864028931, 0.5046735405921936, 0.4669175148010254, 0.44359397888183594, 0.43267300724983215, 0.4280874729156494, 0.41543763875961304, 0.4122055768966675, 0.4115878641605377, 0.40791046619415283, 0.4093513786792755, 0.4056674838066101, 0.4006456434726715, 0.4000225067138672, 0.40003108978271484, 0.3973264992237091, 0.3984680771827698, 0.39609667658805847, 0.3982760012149811, 0.3934856653213501, 0.3951449692249298, 0.3932764530181885, 0.3926152288913727, 0.39198532700538635, 0.39022746682167053, 0.39223310351371765, 0.39010900259017944, 0.39321979880332947, 0.38875558972358704, 0.3886704742908478], "valid_losses": [3.2576093673706055, 0.4671739339828491, 0.41289597749710083, 0.39872416853904724, 0.39564552903175354, 0.38198891282081604, 0.3770814836025238, 0.3726913630962372, 0.36468300223350525, 0.36587706208229065, 0.3754490315914154, 0.37153729796409607, 0.3608262836933136, 0.3728964924812317, 0.3602021336555481, 0.34967687726020813, 0.3601803481578827, 0.3831930160522461, 0.3766928017139435, 0.36423495411872864, 0.3592601716518402, 0.36713728308677673, 0.35935133695602417, 0.37207266688346863, 0.3502172529697418, 0.36775898933410645, 0.35814788937568665, 0.349504292011261, 0.34322959184646606, 0.3650033175945282, 0.36369016766548157], "train_accs": [0.0504615381360054, 0.8647884726524353, 0.8847307562828064, 0.8902019262313843, 0.8958269357681274, 0.9013077020645142, 0.9039615392684937, 0.9034230709075928, 0.9063365459442139, 0.9047403931617737, 0.9026250243186951, 0.9032211303710938, 0.9080865383148193, 0.9037981033325195, 0.9088846445083618, 0.9123269319534302, 0.9105769395828247, 0.9044615626335144, 0.9017115235328674, 0.9094519019126892, 0.905798077583313, 0.9044230580329895, 0.9091538190841675, 0.9027115106582642, 0.9110288619995117, 0.9070096015930176, 0.9110384583473206, 0.9110288619995117, 0.9146057963371277, 0.9085480570793152, 0.9082211256027222], "valid_accs": [0.05307692289352417, 0.8553365468978882, 0.8709134459495544, 0.8758172988891602, 0.8765865564346313, 0.8799038529396057, 0.8836057782173157, 0.8822115659713745, 0.8877403736114502, 0.8819711804389954, 0.8818269371986389, 0.8834134340286255, 0.8879327178001404, 0.8824519515037537, 0.8855288624763489, 0.8899038434028625, 0.8883653879165649, 0.8807211518287659, 0.8786057829856873, 0.8853846192359924, 0.8833172917366028, 0.8818749785423279, 0.8874519467353821, 0.8815865516662598, 0.890048086643219, 0.8864904046058655, 0.884663462638855, 0.8896153569221497, 0.8942788243293762, 0.8869711756706238, 0.8870673179626465], "final_train_acc": 0.9082211256027222, "best_val_acc": 0.8942788243293762, "test_acc": 0.888942301273346, "config": {"batch_size": 64, "hidden_size": 256, "layers": 1, "learning_rate": 0.003, "l2_decay": 0.0001, "dropout": 0.2, "activation": "relu", "optimizer": "adam", "epochs": 30, "model": "width-256"}}