{
    "epochs": [
        0,
        1,
        2,
        3,
        4,
        5,
        6,
        7,
        8,
        9,
        10,
        11,
        12,
        13,
        14,
        15,
        16,
        17,
        18,
        19,
        20,
        21,
        22,
        23,
        24,
        25,
        26,
        27,
        28,
        29,
        30
    ],
    "train_losses": [
        3.2800652980804443,
        2.49210524559021,
        1.6187689304351807,
        1.3919154405593872,
        1.2949784994125366,
        1.2387808561325073,
        1.200641393661499,
        1.1724846363067627,
        1.1498481035232544,
        1.1308870315551758,
        1.1144390106201172,
        1.1001100540161133,
        1.0872772932052612,
        1.0755712985992432,
        1.0647958517074585,
        1.0548423528671265,
        1.0456815958023071,
        1.0370088815689087,
        1.0289074182510376,
        1.021100401878357,
        1.014026165008545,
        1.0068745613098145,
        1.0003762245178223,
        0.9942542314529419,
        0.9882928133010864,
        0.9826022982597351,
        0.9771547317504883,
        0.9719739556312561,
        0.9668179154396057,
        0.9620815515518188,
        0.9575284719467163
    ],
    "valid_losses": [
        3.281007766723633,
        1.8575063943862915,
        1.474921464920044,
        1.3431572914123535,
        1.2734614610671997,
        1.2297803163528442,
        1.1993440389633179,
        1.1754201650619507,
        1.1545237302780151,
        1.1367955207824707,
        1.1223000288009644,
        1.1096652746200562,
        1.0978161096572876,
        1.086235523223877,
        1.0754647254943848,
        1.0678914785385132,
        1.059862732887268,
        1.0514663457870483,
        1.042851448059082,
        1.0363612174987793,
        1.028717279434204,
        1.021619439125061,
        1.0166469812393188,
        1.0114963054656982,
        1.0046265125274658,
        1.0003809928894043,
        0.9938977956771851,
        0.988806426525116,
        0.9852196574211121,
        0.9803148508071899,
        0.9757195711135864
    ],
    "train_accs": [
        0.0286730770021677,
        0.5129903554916382,
        0.5876538753509521,
        0.6181057691574097,
        0.6366634368896484,
        0.649509608745575,
        0.6586634516716003,
        0.6671057939529419,
        0.6735481023788452,
        0.6790769100189209,
        0.684374988079071,
        0.6877884864807129,
        0.6930961608886719,
        0.6952980756759644,
        0.6994711756706238,
        0.7010384798049927,
        0.7038557529449463,
        0.7061923146247864,
        0.708182692527771,
        0.7105288505554199,
        0.7124711275100708,
        0.7141730785369873,
        0.716692328453064,
        0.717394232749939,
        0.7202980518341064,
        0.7206923365592957,
        0.7236634492874146,
        0.7252211570739746,
        0.7260192036628723,
        0.7281538248062134,
        0.7291730642318726
    ],
    "valid_accs": [
        0.02788461558520794,
        0.5131250023841858,
        0.5869711637496948,
        0.6188942193984985,
        0.636394202709198,
        0.6493269205093384,
        0.6559134721755981,
        0.6646634340286255,
        0.6715384721755981,
        0.6766346096992493,
        0.6799519062042236,
        0.6833654046058655,
        0.6868749856948853,
        0.6896634697914124,
        0.6949999928474426,
        0.6931250095367432,
        0.6962980628013611,
        0.6984615325927734,
        0.7014904022216797,
        0.7032692432403564,
        0.7061538696289062,
        0.7080768942832947,
        0.7095673084259033,
        0.7117307782173157,
        0.7139903903007507,
        0.7146154046058655,
        0.7169230580329895,
        0.7179807424545288,
        0.7185577154159546,
        0.7210577130317688,
        0.7223076820373535
    ],
    "final_train_acc": 0.7291730642318726,
    "best_val_acc": 0.7223076820373535,
    "test_acc": 0.724711537361145,
    "config": {
        "batch_size": 64,
        "hidden_size": 16,
        "layers": 1,
        "learning_rate": 0.0001,
        "l2_decay": 0.0,
        "dropout": 0.0,
        "activation": "relu",
        "optimizer": "adam",
        "epochs": 30,
        "model": "width-16"
    }
}