{"epochs": [0, 1, 2, 3, 4, 5, 6, 7, 8, 9, 10, 11, 12, 13, 14, 15, 16, 17, 18, 19, 20, 21, 22, 23, 24, 25, 26, 27, 28, 29, 30], "train_losses": [3.265209436416626, 1.2182942628860474, 0.8353225588798523, 0.7386630177497864, 0.6799933910369873, 0.6391324996948242, 0.6085488200187683, 0.5863770842552185, 0.5696204900741577, 0.5560524463653564, 0.5462427735328674, 0.5370262265205383, 0.5294767618179321, 0.522303581237793, 0.5159040689468384, 0.510109007358551, 0.5052903890609741, 0.5001718997955322, 0.49496135115623474, 0.49233266711235046, 0.488399863243103, 0.48368433117866516, 0.48181435465812683, 0.4781791865825653, 0.4758642315864563, 0.4720849096775055, 0.46975061297416687, 0.4668085277080536, 0.4648783802986145, 0.46208906173706055, 0.45908600091934204], "valid_losses": [3.2649519443511963, 0.921220064163208, 0.8009114861488342, 0.7213363647460938, 0.690508246421814, 0.6482071876525879, 0.6298437714576721, 0.6183150410652161, 0.6004747748374939, 0.5858893394470215, 0.5796246528625488, 0.581002414226532, 0.5726698040962219, 0.572508692741394, 0.5673590302467346, 0.556871235370636, 0.5470439195632935, 0.5542932748794556, 0.5509908199310303, 0.5465220808982849, 0.5398024320602417, 0.5429834723472595, 0.5427663326263428, 0.5473975539207458, 0.5353825092315674, 0.5301288366317749, 0.5322452783584595, 0.5238620042800903, 0.5251909494400024, 0.523794949054718, 0.5191968083381653], "train_accs": [0.03167307749390602, 0.7382403612136841, 0.7744519114494324, 0.8006923198699951, 0.8100095987319946, 0.8181057572364807, 0.8275576829910278, 0.8299422860145569, 0.8379230499267578, 0.842644214630127, 0.8441923260688782, 0.8440961241722107, 0.8473653793334961, 0.8464422821998596, 0.8479230999946594, 0.8525769114494324, 0.8552307486534119, 0.8525288701057434, 0.8550865650177002, 0.8549519181251526, 0.8563365340232849, 0.8552981019020081, 0.8592596054077148, 0.8548173308372498, 0.8596346378326416, 0.8622980713844299, 0.8592788577079773, 0.8637980818748474, 0.8620288372039795, 0.863326907157898, 0.8636826872825623], "valid_accs": [0.032836537808179855, 0.7346153855323792, 0.7649999856948853, 0.7885577082633972, 0.795192301273346, 0.808221161365509, 0.813076913356781, 0.8160576820373535, 0.8231731057167053, 0.8260576725006104, 0.8281731009483337, 0.8279327154159546, 0.8297595977783203, 0.8301442265510559, 0.8315865397453308, 0.8364903926849365, 0.8405769467353821, 0.8341346383094788, 0.838317334651947, 0.8374519348144531, 0.8393269181251526, 0.8380769491195679, 0.8405288457870483, 0.8360096216201782, 0.8402403593063354, 0.8425480723381042, 0.8389903903007507, 0.8437018990516663, 0.8419230580329895, 0.8428846001625061, 0.844278872013092], "final_train_acc": 0.8636826872825623, "best_val_acc": 0.844278872013092, "test_acc": 0.8450000286102295, "config": {"batch_size": 64, "hidden_size": 32, "layers": 1, "learning_rate": 0.001, "l2_decay": 0.0001, "dropout": 0.0, "activation": "relu", "optimizer": "adam", "epochs": 30, "model": "width-32"}}