{
    "epochs": [
        0,
        1,
        2,
        3,
        4,
        5,
        6,
        7,
        8,
        9,
        10,
        11,
        12,
        13,
        14,
        15,
        16,
        17,
        18,
        19,
        20,
        21,
        22,
        23,
        24,
        25,
        26,
        27,
        28,
        29,
        30
    ],
    "train_losses": [
        3.262237071990967,
        0.8473573923110962,
        0.5463491678237915,
        0.4936648905277252,
        0.46551135182380676,
        0.4489554464817047,
        0.43516844511032104,
        0.42604100704193115,
        0.4165003001689911,
        0.4107188880443573,
        0.40442901849746704,
        0.4021424353122711,
        0.3989625871181488,
        0.39433467388153076,
        0.39172157645225525,
        0.38728439807891846,
        0.3860723674297333,
        0.38202813267707825,
        0.3802923262119293,
        0.37843942642211914,
        0.3764556646347046,
        0.375674307346344,
        0.3732614815235138,
        0.3714117705821991,
        0.3696182370185852,
        0.36734676361083984,
        0.37019914388656616,
        0.3664725720882416,
        0.36705538630485535,
        0.3637453317642212,
        0.3620871901512146
    ],
    "valid_losses": [
        3.2620341777801514,
        0.6160919070243835,
        0.5375853776931763,
        0.510391891002655,
        0.4966323971748352,
        0.4868040084838867,
        0.4868522882461548,
        0.4827300012111664,
        0.4759911596775055,
        0.46048256754875183,
        0.47165653109550476,
        0.4643985331058502,
        0.48102742433547974,
        0.45311951637268066,
        0.44250383973121643,
        0.44751352071762085,
        0.4586277902126312,
        0.44454148411750793,
        0.45806223154067993,
        0.44885000586509705,
        0.4368497431278229,
        0.44319748878479004,
        0.4390460252761841,
        0.4413111209869385,
        0.43359431624412537,
        0.4457226097583771,
        0.43353980779647827,
        0.4188781678676605,
        0.4307663142681122,
        0.4270990490913391,
        0.42284342646598816
    ],
    "train_accs": [
        0.0534711554646492,
        0.8237980604171753,
        0.8489519357681274,
        0.8606730699539185,
        0.8685288429260254,
        0.8697019219398499,
        0.8709231019020081,
        0.8693942427635193,
        0.8772788643836975,
        0.8797403573989868,
        0.8784326910972595,
        0.8806634545326233,
        0.8746442198753357,
        0.8832788467407227,
        0.8867692351341248,
        0.8853750228881836,
        0.8844230771064758,
        0.8858269453048706,
        0.8809326887130737,
        0.8880288600921631,
        0.8873942494392395,
        0.8850095868110657,
        0.888942301273346,
        0.8860384821891785,
        0.890749990940094,
        0.8887115120887756,
        0.8902211785316467,
        0.8948269486427307,
        0.8927596211433411,
        0.8943173289299011,
        0.8960000276565552
    ],
    "valid_accs": [
        0.05254807695746422,
        0.8175480961799622,
        0.838317334651947,
        0.8459134697914124,
        0.8508173227310181,
        0.8530288338661194,
        0.8512019515037537,
        0.8528845906257629,
        0.8554326891899109,
        0.8588942289352417,
        0.8575961589813232,
        0.8570192456245422,
        0.8524519205093384,
        0.8615865111351013,
        0.8623076677322388,
        0.8629807829856873,
        0.8613461256027222,
        0.864759624004364,
        0.858269214630127,
        0.8648557662963867,
        0.8633173108100891,
        0.8644230961799622,
        0.8658173084259033,
        0.8622596263885498,
        0.8675000071525574,
        0.8639903664588928,
        0.8643749952316284,
        0.8724038600921631,
        0.8662980794906616,
        0.8683173060417175,
        0.8718269467353821
    ],
    "final_train_acc": 0.8960000276565552,
    "best_val_acc": 0.8724038600921631,
    "test_acc": 0.8740865588188171,
    "config": {
        "batch_size": 64,
        "hidden_size": 64,
        "layers": 1,
        "learning_rate": 0.003,
        "l2_decay": 0.0001,
        "dropout": 0.0,
        "activation": "relu",
        "optimizer": "adam",
        "epochs": 30,
        "model": "width-64"
    }
}