{
    "epochs": [
        0,
        1,
        2,
        3,
        4,
        5,
        6,
        7,
        8,
        9,
        10,
        11,
        12,
        13,
        14,
        15,
        16,
        17,
        18,
        19,
        20,
        21,
        22,
        23,
        24,
        25,
        26,
        27,
        28,
        29,
        30
    ],
    "train_losses": [
        3.2615575790405273,
        1.43806791305542,
        0.9916256070137024,
        0.8556584119796753,
        0.7525792717933655,
        0.6769561171531677,
        0.620760977268219,
        0.5785108804702759,
        0.5457403659820557,
        0.5192310810089111,
        0.4976450502872467,
        0.48068931698799133,
        0.46508413553237915,
        0.45192351937294006,
        0.44086992740631104,
        0.43101200461387634,
        0.4217991530895233,
        0.41416218876838684,
        0.4068911373615265,
        0.3998841643333435,
        0.39448416233062744,
        0.38856640458106995,
        0.38357681035995483,
        0.3793382942676544,
        0.374951034784317,
        0.3707931935787201,
        0.3667506277561188,
        0.3627430498600006,
        0.36032113432884216,
        0.3565959930419922,
        0.3531908094882965
    ],
    "valid_losses": [
        3.261310577392578,
        1.0811489820480347,
        0.9225960373878479,
        0.8091241121292114,
        0.7239376306533813,
        0.6600809097290039,
        0.6196285486221313,
        0.5839875936508179,
        0.5573230981826782,
        0.5362435579299927,
        0.5185070037841797,
        0.5083922147750854,
        0.4961814880371094,
        0.4885863661766052,
        0.4802844822406769,
        0.4694838225841522,
        0.46098530292510986,
        0.45969751477241516,
        0.4540848135948181,
        0.44866353273391724,
        0.44738078117370605,
        0.4398536682128906,
        0.44047874212265015,
        0.4412294328212738,
        0.43416428565979004,
        0.4304455518722534,
        0.4285200238227844,
        0.4268761873245239,
        0.42440393567085266,
        0.4234873950481415,
        0.4212409257888794
    ],
    "train_accs": [
        0.04660576954483986,
        0.6967499852180481,
        0.7432307600975037,
        0.7775288224220276,
        0.8008750081062317,
        0.81853848695755,
        0.832076907157898,
        0.8402884602546692,
        0.8479134440422058,
        0.8542884588241577,
        0.8598846197128296,
        0.8629422783851624,
        0.8673076629638672,
        0.8694999814033508,
        0.8717980980873108,
        0.8746826648712158,
        0.8783942461013794,
        0.8796250224113464,
        0.8827403783798218,
        0.8835192322731018,
        0.8840961456298828,
        0.8863654136657715,
        0.8881538510322571,
        0.8869038224220276,
        0.8904904127120972,
        0.8920673131942749,
        0.8924230933189392,
        0.8936153650283813,
        0.8955192565917969,
        0.895432710647583,
        0.8955961465835571
    ],
    "valid_accs": [
        0.04615384712815285,
        0.6950961351394653,
        0.7404807806015015,
        0.7729327082633972,
        0.7939903736114502,
        0.811394214630127,
        0.821586549282074,
        0.8309134840965271,
        0.8361057639122009,
        0.8436057567596436,
        0.8478365540504456,
        0.8513942360877991,
        0.8526442050933838,
        0.85567307472229,
        0.8560577034950256,
        0.8600000143051147,
        0.8640865087509155,
        0.863605797290802,
        0.8652403950691223,
        0.8652884364128113,
        0.8626442551612854,
        0.8671634793281555,
        0.869567334651947,
        0.864182710647583,
        0.8691346049308777,
        0.8703846335411072,
        0.8703365325927734,
        0.8700961470603943,
        0.8709615468978882,
        0.8717307448387146,
        0.8723077178001404
    ],
    "final_train_acc": 0.8955961465835571,
    "best_val_acc": 0.8723077178001404,
    "test_acc": 0.8725481033325195,
    "config": {
        "batch_size": 64,
        "hidden_size": 64,
        "layers": 1,
        "learning_rate": 0.0003,
        "l2_decay": 0.0001,
        "dropout": 0.0,
        "activation": "relu",
        "optimizer": "adam",
        "epochs": 30,
        "model": "width-64"
    }
}