{
    "epochs": [
        0,
        1,
        2,
        3,
        4,
        5,
        6,
        7,
        8,
        9,
        10,
        11,
        12,
        13,
        14,
        15,
        16,
        17,
        18,
        19,
        20,
        21,
        22,
        23,
        24,
        25,
        26,
        27,
        28,
        29,
        30
    ],
    "train_losses": [
        3.2563815116882324,
        1.561007022857666,
        1.0282177925109863,
        0.885465681552887,
        0.7717330455780029,
        0.6804612278938293,
        0.6094945669174194,
        0.5548557043075562,
        0.5120384693145752,
        0.47771504521369934,
        0.44995400309562683,
        0.4269762635231018,
        0.4072093665599823,
        0.3899639844894409,
        0.37519654631614685,
        0.36200234293937683,
        0.3498360812664032,
        0.33927667140960693,
        0.3292972445487976,
        0.3202618658542633,
        0.3116734027862549,
        0.30390384793281555,
        0.29692548513412476,
        0.29019132256507874,
        0.28374871611595154,
        0.27786552906036377,
        0.2721008062362671,
        0.2664593756198883,
        0.2618374824523926,
        0.25678786635398865,
        0.25188973546028137
    ],
    "valid_losses": [
        3.2567105293273926,
        1.1268514394760132,
        0.9556145071983337,
        0.8352581262588501,
        0.7337456941604614,
        0.6547808051109314,
        0.5979124307632446,
        0.5525110960006714,
        0.5157085061073303,
        0.4864655137062073,
        0.4634963870048523,
        0.4474656283855438,
        0.43174922466278076,
        0.41802725195884705,
        0.4078173339366913,
        0.3960893452167511,
        0.3868211805820465,
        0.38112810254096985,
        0.37370359897613525,
        0.3676694333553314,
        0.36276280879974365,
        0.35770535469055176,
        0.3549135625362396,
        0.35139888525009155,
        0.3452715575695038,
        0.3409706950187683,
        0.33859485387802124,
        0.3363160192966461,
        0.33252352476119995,
        0.32913970947265625,
        0.32796624302864075
    ],
    "train_accs": [
        0.05211538448929787,
        0.682894229888916,
        0.7333846092224121,
        0.7692211270332336,
        0.7988749742507935,
        0.8195576667785645,
        0.8376923203468323,
        0.8491730690002441,
        0.8601057529449463,
        0.8685192465782166,
        0.8742595911026001,
        0.8795192241668701,
        0.884990394115448,
        0.8894326686859131,
        0.8935769200325012,
        0.8963173031806946,
        0.9008557796478271,
        0.9027788639068604,
        0.9057403802871704,
        0.9078654050827026,
        0.9094615578651428,
        0.9105480909347534,
        0.9133173227310181,
        0.9143557548522949,
        0.9172980785369873,
        0.9193461537361145,
        0.9201730489730835,
        0.9218557476997375,
        0.9233846068382263,
        0.9247788190841675,
        0.9257115125656128
    ],
    "valid_accs": [
        0.05197115242481232,
        0.6829807758331299,
        0.731249988079071,
        0.767307698726654,
        0.7929326891899109,
        0.8151922821998596,
        0.8309134840965271,
        0.8416826725006104,
        0.8501442074775696,
        0.858846127986908,
        0.8653846383094788,
        0.8693269491195679,
        0.8728365302085876,
        0.876105785369873,
        0.8770192265510559,
        0.8808172941207886,
        0.8860576748847961,
        0.8855769038200378,
        0.8875961303710938,
        0.8883653879165649,
        0.8903365135192871,
        0.8897596001625061,
        0.8920673131942749,
        0.8927884697914124,
        0.895432710647583,
        0.8973076939582825,
        0.8969230651855469,
        0.8969711661338806,
        0.8987500071525574,
        0.900817334651947,
        0.9012500047683716
    ],
    "final_train_acc": 0.9257115125656128,
    "best_val_acc": 0.9012500047683716,
    "test_acc": 0.8973076939582825,
    "config": {
        "batch_size": 64,
        "hidden_size": 256,
        "layers": 1,
        "learning_rate": 0.0001,
        "l2_decay": 0.0,
        "dropout": 0.0,
        "activation": "relu",
        "optimizer": "adam",
        "epochs": 30,
        "model": "width-256"
    }
}