{
    "epochs": [
        0,
        1,
        2,
        3,
        4,
        5,
        6,
        7,
        8,
        9,
        10,
        11,
        12,
        13,
        14,
        15,
        16,
        17,
        18,
        19,
        20,
        21,
        22,
        23,
        24,
        25,
        26,
        27,
        28,
        29,
        30
    ],
    "train_losses": [
        3.2661514282226562,
        1.8377248048782349,
        1.2334471940994263,
        1.0885120630264282,
        0.9849366545677185,
        0.898904025554657,
        0.8301906585693359,
        0.7745280861854553,
        0.7293389439582825,
        0.6933749914169312,
        0.6616831421852112,
        0.6360549926757812,
        0.6153028607368469,
        0.5945556163787842,
        0.5803728699684143,
        0.5654985904693604,
        0.5523484349250793,
        0.539581835269928,
        0.5303778052330017,
        0.520768940448761,
        0.5095703601837158,
        0.5025086402893066,
        0.4940395951271057,
        0.4868880808353424,
        0.482583224773407,
        0.47613486647605896,
        0.4722837209701538,
        0.46431151032447815,
        0.45979034900665283,
        0.4564855098724365,
        0.45193198323249817
    ],
    "valid_losses": [
        3.2668187618255615,
        1.268067717552185,
        1.0798895359039307,
        0.965508759021759,
        0.8719611167907715,
        0.796180784702301,
        0.7343754172325134,
        0.6842823028564453,
        0.6419269442558289,
        0.6076916456222534,
        0.5803863406181335,
        0.5574762225151062,
        0.537939190864563,
        0.5209921598434448,
        0.5057643055915833,
        0.4934246242046356,
        0.48259779810905457,
        0.4715902805328369,
        0.4627605676651001,
        0.4551795423030853,
        0.4476214051246643,
        0.44029292464256287,
        0.434280127286911,
        0.4281226396560669,
        0.4229746162891388,
        0.41818171739578247,
        0.4137866199016571,
        0.40948763489723206,
        0.4063448905944824,
        0.4019053280353546,
        0.39871078729629517
    ],
    "train_accs": [
        0.0439615398645401,
        0.6468750238418579,
        0.698596179485321,
        0.7326730489730835,
        0.7603846192359924,
        0.781451940536499,
        0.8003461360931396,
        0.8141345977783203,
        0.824874997138977,
        0.8338557481765747,
        0.8411634564399719,
        0.8466346263885498,
        0.8526442050933838,
        0.8575769066810608,
        0.8615480661392212,
        0.8652211427688599,
        0.869038462638855,
        0.8721442222595215,
        0.8748942017555237,
        0.8771827220916748,
        0.879730761051178,
        0.8815096020698547,
        0.8840768933296204,
        0.8859807848930359,
        0.8882884383201599,
        0.8887403607368469,
        0.8908172845840454,
        0.8922692537307739,
        0.8931634426116943,
        0.8947595953941345,
        0.895480751991272
    ],
    "valid_accs": [
        0.04360577091574669,
        0.6458172798156738,
        0.6978846192359924,
        0.730144202709198,
        0.7580288648605347,
        0.7765865325927734,
        0.7941827178001404,
        0.8081730604171753,
        0.817932665348053,
        0.826394259929657,
        0.8344711661338806,
        0.8403846025466919,
        0.8453845977783203,
        0.8495192527770996,
        0.8532692193984985,
        0.8558653593063354,
        0.8580769300460815,
        0.8617307543754578,
        0.864182710647583,
        0.8656250238418579,
        0.8675961494445801,
        0.869615375995636,
        0.8711057901382446,
        0.8727403879165649,
        0.8741827011108398,
        0.8749038577079773,
        0.8770192265510559,
        0.8771153688430786,
        0.8783653974533081,
        0.8786538243293762,
        0.879855751991272
    ],
    "final_train_acc": 0.895480751991272,
    "best_val_acc": 0.879855751991272,
    "test_acc": 0.8795673251152039,
    "config": {
        "batch_size": 64,
        "hidden_size": 128,
        "layers": 1,
        "learning_rate": 0.0001,
        "l2_decay": 0.0,
        "dropout": 0.2,
        "activation": "relu",
        "optimizer": "adam",
        "epochs": 30,
        "model": "width-128"
    }
}