{
    "epochs": [
        0,
        1,
        2,
        3,
        4,
        5,
        6,
        7,
        8,
        9,
        10,
        11,
        12,
        13,
        14,
        15,
        16,
        17,
        18,
        19,
        20,
        21,
        22,
        23,
        24,
        25,
        26,
        27,
        28,
        29,
        30
    ],
    "train_losses": [
        3.2626078128814697,
        1.456786036491394,
        1.0543774366378784,
        0.9908288717269897,
        0.9468855857849121,
        0.9136947989463806,
        0.8898611068725586,
        0.8700839877128601,
        0.8525595664978027,
        0.8360922932624817,
        0.8225691914558411,
        0.8105778098106384,
        0.7995619177818298,
        0.7894953489303589,
        0.7803386449813843,
        0.7727773189544678,
        0.7659860253334045,
        0.7604013681411743,
        0.7561529278755188,
        0.7512905597686768,
        0.7469936609268188,
        0.7438626289367676,
        0.7409549355506897,
        0.737307608127594,
        0.7339532971382141,
        0.7306983470916748,
        0.7281988263130188,
        0.7246950268745422,
        0.7222187519073486,
        0.7184948921203613,
        0.7149837613105774
    ],
    "valid_losses": [
        3.262824535369873,
        1.1117312908172607,
        1.0364165306091309,
        0.9797785878181458,
        0.9524859189987183,
        0.9182615280151367,
        0.9072348475456238,
        0.885961651802063,
        0.86473548412323,
        0.8570403456687927,
        0.8369318842887878,
        0.8271613717079163,
        0.8173732161521912,
        0.8172374367713928,
        0.8055751323699951,
        0.8019587397575378,
        0.7905565500259399,
        0.7943245768547058,
        0.7849934697151184,
        0.7816447019577026,
        0.7798405289649963,
        0.7763843536376953,
        0.7742956280708313,
        0.7781265377998352,
        0.7677856683731079,
        0.7732158303260803,
        0.7654264569282532,
        0.7624132633209229,
        0.7555634379386902,
        0.7581861615180969,
        0.7547294497489929
    ],
    "train_accs": [
        0.04780769348144531,
        0.6856057643890381,
        0.7055577039718628,
        0.7229903936386108,
        0.7345480918884277,
        0.7436153888702393,
        0.7457307577133179,
        0.7524904012680054,
        0.7573365569114685,
        0.7588269114494324,
        0.7667211294174194,
        0.7675480842590332,
        0.7700576782226562,
        0.7683269381523132,
        0.771384596824646,
        0.7757596373558044,
        0.7792500257492065,
        0.774259626865387,
        0.7820672988891602,
        0.7818557620048523,
        0.7833557724952698,
        0.781778872013092,
        0.7858076691627502,
        0.7810961604118347,
        0.7883750200271606,
        0.7885096073150635,
        0.7889519333839417,
        0.7896634340286255,
        0.7922403812408447,
        0.7896249890327454,
        0.7927307486534119
    ],
    "valid_accs": [
        0.048269230872392654,
        0.6813461780548096,
        0.7032211422920227,
        0.7190865278244019,
        0.7290384769439697,
        0.7356250286102295,
        0.7400000095367432,
        0.7444711327552795,
        0.7495192289352417,
        0.751105785369873,
        0.7600961327552795,
        0.7610576748847961,
        0.7631250023841858,
        0.76192307472229,
        0.7630288600921631,
        0.7661057710647583,
        0.770432710647583,
        0.7688942551612854,
        0.7741826772689819,
        0.7716826796531677,
        0.769855797290802,
        0.7718269228935242,
        0.7762981057167053,
        0.769903838634491,
        0.7774519324302673,
        0.7780288457870483,
        0.7774999737739563,
        0.7807692289352417,
        0.7780769467353821,
        0.7802403569221497,
        0.7809134721755981
    ],
    "final_train_acc": 0.7927307486534119,
    "best_val_acc": 0.7809134721755981,
    "test_acc": 0.7837018966674805,
    "config": {
        "batch_size": 64,
        "hidden_size": 16,
        "layers": 1,
        "learning_rate": 0.001,
        "l2_decay": 0.0001,
        "dropout": 0.0,
        "activation": "relu",
        "optimizer": "adam",
        "epochs": 30,
        "model": "width-16"
    }
}