{
    "epochs": [
        0,
        1,
        2,
        3,
        4,
        5,
        6,
        7,
        8,
        9,
        10,
        11,
        12,
        13,
        14,
        15,
        16,
        17,
        18,
        19,
        20,
        21,
        22,
        23,
        24,
        25,
        26,
        27,
        28,
        29,
        30
    ],
    "train_losses": [
        3.2664575576782227,
        1.1695977449417114,
        0.6860273480415344,
        0.5271407961845398,
        0.44323471188545227,
        0.3909089267253876,
        0.3544512093067169,
        0.3271137773990631,
        0.30515897274017334,
        0.28746360540390015,
        0.27231618762016296,
        0.2595924139022827,
        0.24746084213256836,
        0.23674699664115906,
        0.228022962808609,
        0.21923266351222992,
        0.21134644746780396,
        0.20418210327625275,
        0.1968836784362793,
        0.19073881208896637,
        0.1843152493238449,
        0.1790551394224167,
        0.17343665659427643,
        0.16875919699668884,
        0.16397187113761902,
        0.15857630968093872,
        0.15481586754322052,
        0.15012776851654053,
        0.14659333229064941,
        0.1424075812101364,
        0.1385214477777481
    ],
    "valid_losses": [
        3.2666616439819336,
        0.8193545341491699,
        0.6029462218284607,
        0.49314048886299133,
        0.43846842646598816,
        0.40306395292282104,
        0.383859783411026,
        0.3658476769924164,
        0.35201960802078247,
        0.34191226959228516,
        0.3326098322868347,
        0.33067935705184937,
        0.32787591218948364,
        0.32601985335350037,
        0.3250097632408142,
        0.3162974715232849,
        0.31714701652526855,
        0.31834864616394043,
        0.32043763995170593,
        0.31597813963890076,
        0.31846433877944946,
        0.31654971837997437,
        0.3232748508453369,
        0.324270099401474,
        0.3225823640823364,
        0.3224135935306549,
        0.3226761817932129,
        0.3250480890274048,
        0.324724018573761,
        0.3277866840362549,
        0.33000269532203674
    ],
    "train_accs": [
        0.02865384705364704,
        0.7721731066703796,
        0.832730770111084,
        0.8669038414955139,
        0.8824615478515625,
        0.8933461308479309,
        0.9010000228881836,
        0.9077115654945374,
        0.9141923189163208,
        0.9191442131996155,
        0.9238269329071045,
        0.9246923327445984,
        0.927836537361145,
        0.9296826720237732,
        0.9318076968193054,
        0.937250018119812,
        0.9392595887184143,
        0.9409807920455933,
        0.942480742931366,
        0.945557713508606,
        0.9464423060417175,
        0.9485576748847961,
        0.9483846426010132,
        0.9488846063613892,
        0.9517980813980103,
        0.9541826844215393,
        0.9543653726577759,
        0.9571923017501831,
        0.9589231014251709,
        0.9599807858467102,
        0.9599807858467102
    ],
    "valid_accs": [
        0.02841346152126789,
        0.7676923274993896,
        0.8268269300460815,
        0.8579807877540588,
        0.8697115182876587,
        0.8790865540504456,
        0.8831250071525574,
        0.8886538743972778,
        0.8927403688430786,
        0.8951442241668701,
        0.8978846073150635,
        0.8973557949066162,
        0.8975480794906616,
        0.8980769515037537,
        0.897740364074707,
        0.9018750190734863,
        0.901394248008728,
        0.902019202709198,
        0.9011538624763489,
        0.9027403593063354,
        0.9019230604171753,
        0.9018269181251526,
        0.9021154046058655,
        0.9003846049308777,
        0.9023557901382446,
        0.9027403593063354,
        0.901394248008728,
        0.9018750190734863,
        0.9016826748847961,
        0.9021154046058655,
        0.9029327034950256
    ],
    "final_train_acc": 0.9599807858467102,
    "best_val_acc": 0.9029327034950256,
    "test_acc": 0.9031730890274048,
    "config": {
        "batch_size": 64,
        "hidden_size": 256,
        "layers": 1,
        "learning_rate": 0.0003,
        "l2_decay": 0.0,
        "dropout": 0.0,
        "activation": "relu",
        "optimizer": "adam",
        "epochs": 30,
        "model": "width-256"
    }
}