{
    "epochs": [
        0,
        1,
        2,
        3,
        4,
        5,
        6,
        7,
        8,
        9,
        10,
        11,
        12,
        13,
        14,
        15,
        16,
        17,
        18,
        19,
        20,
        21,
        22,
        23,
        24,
        25,
        26,
        27,
        28,
        29,
        30
    ],
    "train_losses": [
        3.2518575191497803,
        1.6435781717300415,
        1.0962750911712646,
        0.9405998587608337,
        0.8245204091072083,
        0.7337915897369385,
        0.6662126779556274,
        0.6162110567092896,
        0.5775595903396606,
        0.544314980506897,
        0.5189337134361267,
        0.4998285472393036,
        0.47988420724868774,
        0.46245095133781433,
        0.4495103657245636,
        0.43733683228492737,
        0.42596372961997986,
        0.41693636775016785,
        0.40847498178482056,
        0.3982335031032562,
        0.3908509612083435,
        0.38458049297332764,
        0.3777101933956146,
        0.37072858214378357,
        0.3667812645435333,
        0.3609197735786438,
        0.3552599251270294,
        0.3500951826572418,
        0.34731000661849976,
        0.34297215938568115,
        0.3394485414028168
    ],
    "valid_losses": [
        3.251631259918213,
        1.155686855316162,
        0.9693515300750732,
        0.8379490375518799,
        0.7352809309959412,
        0.6574060916900635,
        0.6012734770774841,
        0.5587232112884521,
        0.5233396887779236,
        0.4953952133655548,
        0.4737265706062317,
        0.4573819637298584,
        0.441279798746109,
        0.4277418851852417,
        0.4164937734603882,
        0.40725693106651306,
        0.3985256850719452,
        0.39105668663978577,
        0.38356462121009827,
        0.3774000108242035,
        0.3726421594619751,
        0.36800721287727356,
        0.3639596700668335,
        0.3576301336288452,
        0.35488826036453247,
        0.35025352239608765,
        0.34690818190574646,
        0.3446010947227478,
        0.34232330322265625,
        0.33820903301239014,
        0.33619362115859985
    ],
    "train_accs": [
        0.04619230702519417,
        0.6764134764671326,
        0.7310577034950256,
        0.7694134712219238,
        0.7990961670875549,
        0.8203750252723694,
        0.8377788662910461,
        0.8481634855270386,
        0.8577980995178223,
        0.8664711713790894,
        0.8726730942726135,
        0.8768269419670105,
        0.8821538686752319,
        0.886596143245697,
        0.8898749947547913,
        0.8924519419670105,
        0.8955672979354858,
        0.898192286491394,
        0.9006730914115906,
        0.9026153683662415,
        0.9041442275047302,
        0.9056634902954102,
        0.907403826713562,
        0.9097403883934021,
        0.9112211465835571,
        0.9129038453102112,
        0.913567304611206,
        0.9147884845733643,
        0.9161826968193054,
        0.917192280292511,
        0.9179134368896484
    ],
    "valid_accs": [
        0.048701923340559006,
        0.6750480532646179,
        0.7290865182876587,
        0.7657211422920227,
        0.7930288314819336,
        0.8148557543754578,
        0.8305288553237915,
        0.8397595882415771,
        0.8499519228935242,
        0.8567788600921631,
        0.8648557662963867,
        0.8680769205093384,
        0.871874988079071,
        0.8757211565971375,
        0.8777403831481934,
        0.8804807662963867,
        0.8822115659713745,
        0.8842307925224304,
        0.8871634602546692,
        0.8880288600921631,
        0.8891345858573914,
        0.8898077011108398,
        0.8910576701164246,
        0.8924519419670105,
        0.8929807543754578,
        0.8942307829856873,
        0.8946154117584229,
        0.8950961828231812,
        0.8961057662963867,
        0.8992307782173157,
        0.8976923227310181
    ],
    "final_train_acc": 0.9179134368896484,
    "best_val_acc": 0.8992307782173157,
    "test_acc": 0.8967788219451904,
    "config": {
        "batch_size": 64,
        "hidden_size": 256,
        "layers": 1,
        "learning_rate": 0.0001,
        "l2_decay": 0.0001,
        "dropout": 0.2,
        "activation": "relu",
        "optimizer": "adam",
        "epochs": 30,
        "model": "width-256"
    }
}