{
    "epochs": [
        0,
        1,
        2,
        3,
        4,
        5,
        6,
        7,
        8,
        9,
        10,
        11,
        12,
        13,
        14,
        15,
        16,
        17,
        18,
        19,
        20,
        21,
        22,
        23,
        24,
        25,
        26,
        27,
        28,
        29,
        30
    ],
    "train_losses": [
        3.270214319229126,
        1.9314398765563965,
        1.2287359237670898,
        1.0989232063293457,
        1.024484395980835,
        0.9656679630279541,
        0.9138380885124207,
        0.8676630854606628,
        0.8256279826164246,
        0.7875656485557556,
        0.7537353038787842,
        0.724230945110321,
        0.6981373429298401,
        0.6750262379646301,
        0.6547083854675293,
        0.6367443203926086,
        0.6203292608261108,
        0.605601966381073,
        0.5921471118927002,
        0.5796653628349304,
        0.5683041214942932,
        0.5576653480529785,
        0.5480767488479614,
        0.5390769839286804,
        0.5305624604225159,
        0.5229135751724243,
        0.5154181718826294,
        0.508415699005127,
        0.502014696598053,
        0.49586066603660583,
        0.48995763063430786
    ],
    "valid_losses": [
        3.269526481628418,
        1.3543990850448608,
        1.1533714532852173,
        1.066017746925354,
        1.002273440361023,
        0.9487771391868591,
        0.902299165725708,
        0.8594563007354736,
        0.8202932476997375,
        0.7844184637069702,
        0.7550726532936096,
        0.7299455404281616,
        0.7065479159355164,
        0.6857103109359741,
        0.6662765145301819,
        0.651118278503418,
        0.6372703313827515,
        0.6241918206214905,
        0.6112419366836548,
        0.6000891923904419,
        0.591556191444397,
        0.582409679889679,
        0.5750330090522766,
        0.5663760304450989,
        0.5583891868591309,
        0.551268994808197,
        0.545262336730957,
        0.5401237607002258,
        0.5348662734031677,
        0.5286816358566284,
        0.5234239101409912
    ],
    "train_accs": [
        0.041826922446489334,
        0.6254038214683533,
        0.6738269329071045,
        0.6992307901382446,
        0.719201922416687,
        0.7342884540557861,
        0.7494999766349792,
        0.7622884511947632,
        0.7739134430885315,
        0.7840576767921448,
        0.7922115325927734,
        0.7988942265510559,
        0.8059327006340027,
        0.8104134798049927,
        0.8173365592956543,
        0.8210480809211731,
        0.8254903554916382,
        0.8280865550041199,
        0.8328750133514404,
        0.8350961804389954,
        0.8376923203468323,
        0.8397884368896484,
        0.8435288667678833,
        0.8450576663017273,
        0.8480961322784424,
        0.8500096201896667,
        0.8519615530967712,
        0.8535000085830688,
        0.8551730513572693,
        0.8579422831535339,
        0.8586826920509338
    ],
    "valid_accs": [
        0.04379807785153389,
        0.6268269419670105,
        0.6757692098617554,
        0.7008653879165649,
        0.7174999713897705,
        0.7324519157409668,
        0.7459134459495544,
        0.7591826915740967,
        0.7675961256027222,
        0.7771154046058655,
        0.7868269085884094,
        0.7930288314819336,
        0.797980785369873,
        0.8029807806015015,
        0.8090865612030029,
        0.8125481009483337,
        0.8168269395828247,
        0.8195673227310181,
        0.8228846192359924,
        0.8261057734489441,
        0.8274038434028625,
        0.8305768966674805,
        0.8334615230560303,
        0.8347595930099487,
        0.8370673060417175,
        0.8408173322677612,
        0.8414903879165649,
        0.8424999713897705,
        0.8439422845840454,
        0.8458173274993896,
        0.8459615111351013
    ],
    "final_train_acc": 0.8586826920509338,
    "best_val_acc": 0.8459615111351013,
    "test_acc": 0.8450480699539185,
    "config": {
        "batch_size": 64,
        "hidden_size": 64,
        "layers": 1,
        "learning_rate": 0.0001,
        "l2_decay": 0.0001,
        "dropout": 0.0,
        "activation": "relu",
        "optimizer": "adam",
        "epochs": 30,
        "model": "width-64"
    }
}