{
    "epochs": [
        0,
        1,
        2,
        3,
        4,
        5,
        6,
        7,
        8,
        9,
        10,
        11,
        12,
        13,
        14,
        15,
        16,
        17,
        18,
        19,
        20,
        21,
        22,
        23,
        24,
        25,
        26,
        27,
        28,
        29,
        30
    ],
    "train_losses": [
        3.2766191959381104,
        1.7331544160842896,
        1.1346698999404907,
        1.0099573135375977,
        0.915340006351471,
        0.8330701589584351,
        0.7616638541221619,
        0.702246367931366,
        0.652999997138977,
        0.6121013164520264,
        0.5784575343132019,
        0.5503713488578796,
        0.52613365650177,
        0.5053362250328064,
        0.4873046875,
        0.47155332565307617,
        0.4573003947734833,
        0.44487008452415466,
        0.43339619040489197,
        0.4231060743331909,
        0.4137424826622009,
        0.40497198700904846,
        0.39728066325187683,
        0.3900604844093323,
        0.38324493169784546,
        0.3770844638347626,
        0.37093016505241394,
        0.36505070328712463,
        0.3602634072303772,
        0.35508260130882263,
        0.35026758909225464
    ],
    "valid_losses": [
        3.276416778564453,
        1.2370647192001343,
        1.0712217092514038,
        0.9714146256446838,
        0.8852705359458923,
        0.8091342449188232,
        0.7463857531547546,
        0.693800687789917,
        0.650543749332428,
        0.6146978735923767,
        0.5853731036186218,
        0.5641225576400757,
        0.5431196093559265,
        0.5250565409660339,
        0.5096913576126099,
        0.49673113226890564,
        0.4855961203575134,
        0.47595450282096863,
        0.4660700857639313,
        0.45787104964256287,
        0.4512813985347748,
        0.4452337622642517,
        0.43911948800086975,
        0.434452623128891,
        0.4281558394432068,
        0.4225910007953644,
        0.4193982779979706,
        0.41568949818611145,
        0.41094931960105896,
        0.4074892997741699,
        0.40466684103012085
    ],
    "train_accs": [
        0.04375961422920227,
        0.6510096192359924,
        0.7008076906204224,
        0.7293461561203003,
        0.7564038634300232,
        0.7775673270225525,
        0.797124981880188,
        0.8114807605743408,
        0.823144257068634,
        0.8333461284637451,
        0.8421538472175598,
        0.848153829574585,
        0.8544038534164429,
        0.859298050403595,
        0.863980770111084,
        0.8672115206718445,
        0.8709999918937683,
        0.8731634616851807,
        0.8768749833106995,
        0.8789327144622803,
        0.8810576796531677,
        0.8823942542076111,
        0.8861250281333923,
        0.886798083782196,
        0.8891345858573914,
        0.8915095925331116,
        0.8925961256027222,
        0.8937884569168091,
        0.8958557844161987,
        0.8963268995285034,
        0.8976826667785645
    ],
    "valid_accs": [
        0.04475961625576019,
        0.6505769491195679,
        0.697692334651947,
        0.7269711494445801,
        0.7519230842590332,
        0.7717307806015015,
        0.7908653616905212,
        0.8041346073150635,
        0.8155769109725952,
        0.8245673179626465,
        0.832980751991272,
        0.8385577201843262,
        0.8428846001625061,
        0.8463942408561707,
        0.8516346216201782,
        0.8548557758331299,
        0.858221173286438,
        0.8594711422920227,
        0.864182710647583,
        0.8649038672447205,
        0.8662980794906616,
        0.8669711351394653,
        0.8708654046058655,
        0.870721161365509,
        0.872451901435852,
        0.8747596144676208,
        0.8750481009483337,
        0.8751442432403564,
        0.8773077130317688,
        0.8779807686805725,
        0.8777884840965271
    ],
    "final_train_acc": 0.8976826667785645,
    "best_val_acc": 0.8779807686805725,
    "test_acc": 0.8800961375236511,
    "config": {
        "batch_size": 64,
        "hidden_size": 128,
        "layers": 1,
        "learning_rate": 0.0001,
        "l2_decay": 0.0001,
        "dropout": 0.0,
        "activation": "relu",
        "optimizer": "adam",
        "epochs": 30,
        "model": "width-128"
    }
}