{
    "epochs": [
        0,
        1,
        2,
        3,
        4,
        5,
        6,
        7,
        8,
        9,
        10,
        11,
        12,
        13,
        14,
        15,
        16,
        17,
        18,
        19,
        20,
        21,
        22,
        23,
        24,
        25,
        26,
        27,
        28,
        29,
        30
    ],
    "train_losses": [
        3.257147789001465,
        1.64256751537323,
        1.0940258502960205,
        0.937484085559845,
        0.817870020866394,
        0.7274750471115112,
        0.6589580774307251,
        0.6082837581634521,
        0.5699387192726135,
        0.5346658825874329,
        0.5105399489402771,
        0.4872812032699585,
        0.4699696898460388,
        0.45351001620292664,
        0.43948444724082947,
        0.42949676513671875,
        0.4167463183403015,
        0.40640926361083984,
        0.3971518278121948,
        0.38934239745140076,
        0.3811653256416321,
        0.3727423846721649,
        0.3671252727508545,
        0.3585965037345886,
        0.35516029596328735,
        0.3496212065219879,
        0.34399500489234924,
        0.33777162432670593,
        0.3339831233024597,
        0.3301554322242737,
        0.32567867636680603
    ],
    "valid_losses": [
        3.2575886249542236,
        1.154346227645874,
        0.9678979516029358,
        0.83635413646698,
        0.7333909869194031,
        0.6551703214645386,
        0.5966165065765381,
        0.5530856251716614,
        0.5177392363548279,
        0.4884013533592224,
        0.46603554487228394,
        0.4485114514827728,
        0.43326684832572937,
        0.4196476340293884,
        0.4083095192909241,
        0.3986438512802124,
        0.3910708725452423,
        0.38258233666419983,
        0.37547925114631653,
        0.369877427816391,
        0.36432409286499023,
        0.35905593633651733,
        0.35500386357307434,
        0.3489401340484619,
        0.3457518517971039,
        0.34150397777557373,
        0.33825355768203735,
        0.3355158269405365,
        0.33385494351387024,
        0.3294588029384613,
        0.3273807764053345
    ],
    "train_accs": [
        0.032923076301813126,
        0.6775000095367432,
        0.7320672869682312,
        0.769653856754303,
        0.7999230623245239,
        0.8214904069900513,
        0.8383365273475647,
        0.8492500185966492,
        0.8595672845840454,
        0.8673846125602722,
        0.8739807605743408,
        0.8785865306854248,
        0.8834038376808167,
        0.8876826763153076,
        0.891153872013092,
        0.8942499756813049,
        0.8972788453102112,
        0.899634599685669,
        0.9023749828338623,
        0.9045865535736084,
        0.9058942198753357,
        0.9079615473747253,
        0.9101827144622803,
        0.9114903807640076,
        0.9136345982551575,
        0.9153172969818115,
        0.9166346192359924,
        0.9168461561203003,
        0.9185577034950256,
        0.9202980995178223,
        0.9209519028663635
    ],
    "valid_accs": [
        0.03091346099972725,
        0.6769711375236511,
        0.7292788624763489,
        0.7685576677322388,
        0.7933653593063354,
        0.813653826713562,
        0.8308172821998596,
        0.8416346311569214,
        0.8500480651855469,
        0.8573076725006104,
        0.8641346096992493,
        0.8689423203468323,
        0.8735576868057251,
        0.8774518966674805,
        0.8790384531021118,
        0.8817788362503052,
        0.8847596049308777,
        0.885817289352417,
        0.8884134888648987,
        0.8887500166893005,
        0.8918269276618958,
        0.8909134864807129,
        0.8932211399078369,
        0.895480751991272,
        0.894855797290802,
        0.8952403664588928,
        0.8979807496070862,
        0.8976442217826843,
        0.8993269205093384,
        0.9004327058792114,
        0.9000480771064758
    ],
    "final_train_acc": 0.9209519028663635,
    "best_val_acc": 0.9004327058792114,
    "test_acc": 0.8992788195610046,
    "config": {
        "batch_size": 64,
        "hidden_size": 256,
        "layers": 1,
        "learning_rate": 0.0001,
        "l2_decay": 0.0,
        "dropout": 0.2,
        "activation": "relu",
        "optimizer": "adam",
        "epochs": 30,
        "model": "width-256"
    }
}