{
    "epochs": [
        0,
        1,
        2,
        3,
        4,
        5,
        6,
        7,
        8,
        9,
        10,
        11,
        12,
        13,
        14,
        15,
        16,
        17,
        18,
        19,
        20,
        21,
        22,
        23,
        24,
        25,
        26,
        27,
        28,
        29,
        30
    ],
    "train_losses": [
        3.2734696865081787,
        2.089332342147827,
        1.4026705026626587,
        1.2504568099975586,
        1.1573830842971802,
        1.086774230003357,
        1.0266366004943848,
        0.9822795987129211,
        0.9382765889167786,
        0.9029553532600403,
        0.8717411160469055,
        0.8478242754936218,
        0.8273057341575623,
        0.8065693378448486,
        0.7886250019073486,
        0.7719054818153381,
        0.761633038520813,
        0.7499656081199646,
        0.7378155589103699,
        0.7293587923049927,
        0.7188786864280701,
        0.7133831977844238,
        0.7050795555114746,
        0.6972977519035339,
        0.6926015615463257,
        0.6828950047492981,
        0.6783776879310608,
        0.6725909113883972,
        0.6672351360321045,
        0.6627206802368164,
        0.6547238826751709
    ],
    "valid_losses": [
        3.2738161087036133,
        1.4186877012252808,
        1.1914643049240112,
        1.082536220550537,
        1.0019360780715942,
        0.9375794529914856,
        0.8846864700317383,
        0.8380315899848938,
        0.797606885433197,
        0.7636438608169556,
        0.7357641458511353,
        0.7111901640892029,
        0.6909356713294983,
        0.6713520884513855,
        0.6543951034545898,
        0.6407408118247986,
        0.6282471418380737,
        0.6171897053718567,
        0.6065821647644043,
        0.5971671938896179,
        0.5897045731544495,
        0.5826523303985596,
        0.5740387439727783,
        0.5676860809326172,
        0.5616756081581116,
        0.5550166964530945,
        0.5507808923721313,
        0.5454570055007935,
        0.5421707630157471,
        0.5375195145606995,
        0.5327193737030029
    ],
    "train_accs": [
        0.036538463085889816,
        0.6150192022323608,
        0.665009617805481,
        0.6963750123977661,
        0.7216923236846924,
        0.7399807572364807,
        0.7573077082633972,
        0.7697211503982544,
        0.780798077583313,
        0.7895769476890564,
        0.7968845963478088,
        0.8035865426063538,
        0.8097403645515442,
        0.8149327039718628,
        0.8193557858467102,
        0.8240672945976257,
        0.8270577192306519,
        0.8293461799621582,
        0.8325673341751099,
        0.8345961570739746,
        0.8370961546897888,
        0.8397692441940308,
        0.8419519066810608,
        0.8443173170089722,
        0.8458557724952698,
        0.8470095992088318,
        0.8486538529396057,
        0.8499711751937866,
        0.8514423370361328,
        0.8524711728096008,
        0.8533557653427124
    ],
    "valid_accs": [
        0.036394231021404266,
        0.6167307496070862,
        0.6649038195610046,
        0.6975480914115906,
        0.7231730818748474,
        0.7384615540504456,
        0.7550480961799622,
        0.7654327154159546,
        0.7753365635871887,
        0.7855769395828247,
        0.791490375995636,
        0.7969231009483337,
        0.8026922941207886,
        0.8068749904632568,
        0.8115865588188171,
        0.8164423108100891,
        0.8193269371986389,
        0.8218269348144531,
        0.8247596025466919,
        0.8277884721755981,
        0.829278826713562,
        0.8320673108100891,
        0.8312019109725952,
        0.834663450717926,
        0.8360096216201782,
        0.8374519348144531,
        0.8387500047683716,
        0.8393750190734863,
        0.8401442170143127,
        0.8412981033325195,
        0.8419230580329895
    ],
    "final_train_acc": 0.8533557653427124,
    "best_val_acc": 0.8419230580329895,
    "test_acc": 0.8430769443511963,
    "config": {
        "batch_size": 64,
        "hidden_size": 64,
        "layers": 1,
        "learning_rate": 0.0001,
        "l2_decay": 0.0,
        "dropout": 0.2,
        "activation": "relu",
        "optimizer": "adam",
        "epochs": 30,
        "model": "width-64"
    }
}