{
    "epochs": [
        0,
        1,
        2,
        3,
        4,
        5,
        6,
        7,
        8,
        9,
        10,
        11,
        12,
        13,
        14,
        15,
        16,
        17,
        18,
        19,
        20,
        21,
        22,
        23,
        24,
        25,
        26,
        27,
        28,
        29,
        30
    ],
    "train_losses": [
        3.2718875408172607,
        1.8334462642669678,
        1.3233004808425903,
        1.2035154104232788,
        1.1349358558654785,
        1.0893195867538452,
        1.0579042434692383,
        1.0302654504776,
        1.0088657140731812,
        0.9918774962425232,
        0.9799495935440063,
        0.9669207334518433,
        0.9549369812011719,
        0.9415717124938965,
        0.9361581802368164,
        0.928430438041687,
        0.9223249554634094,
        0.9152262806892395,
        0.913689136505127,
        0.9065645933151245,
        0.9004496932029724,
        0.894249677658081,
        0.8911778330802917,
        0.8856221437454224,
        0.8816986083984375,
        0.8797462582588196,
        0.8765003681182861,
        0.872981071472168,
        0.8698017001152039,
        0.8668966293334961,
        0.8617188930511475
    ],
    "valid_losses": [
        3.2717649936676025,
        1.2444136142730713,
        1.063983678817749,
        0.9732614159584045,
        0.9063833355903625,
        0.8665516972541809,
        0.837104856967926,
        0.8079148530960083,
        0.7830619812011719,
        0.7685768604278564,
        0.7516239285469055,
        0.7403167486190796,
        0.7312995195388794,
        0.7201871871948242,
        0.7105537056922913,
        0.7048360705375671,
        0.6964002847671509,
        0.6928767561912537,
        0.6863059997558594,
        0.6850155591964722,
        0.6789854168891907,
        0.672873318195343,
        0.672630250453949,
        0.6702701449394226,
        0.6677623987197876,
        0.6627549529075623,
        0.6602218151092529,
        0.655965268611908,
        0.6577589511871338,
        0.6549325585365295,
        0.6514157056808472
    ],
    "train_accs": [
        0.030576923862099648,
        0.6595384478569031,
        0.7057403922080994,
        0.7308750152587891,
        0.750249981880188,
        0.7589519023895264,
        0.7692403793334961,
        0.7765384912490845,
        0.7834519147872925,
        0.7890288233757019,
        0.7932596206665039,
        0.7959038615226746,
        0.7995288372039795,
        0.8024423122406006,
        0.8059231042861938,
        0.8069519400596619,
        0.8096153736114502,
        0.8099134564399719,
        0.8118749856948853,
        0.8125288486480713,
        0.8145769238471985,
        0.8159422874450684,
        0.8157692551612854,
        0.8176538348197937,
        0.8182788491249084,
        0.8198750019073486,
        0.8192692399024963,
        0.8204519152641296,
        0.8211538195610046,
        0.8212980628013611,
        0.8225961327552795
    ],
    "valid_accs": [
        0.02865384705364704,
        0.6590384840965271,
        0.7029327154159546,
        0.7277884483337402,
        0.7466346025466919,
        0.7563461661338806,
        0.7634615302085876,
        0.7714903950691223,
        0.7783173322677612,
        0.7814903855323792,
        0.7864903807640076,
        0.7896153926849365,
        0.7932692170143127,
        0.7939903736114502,
        0.7975000143051147,
        0.7975000143051147,
        0.8003846406936646,
        0.8004326820373535,
        0.8033173084259033,
        0.8035095930099487,
        0.8052403926849365,
        0.8050000071525574,
        0.8056250214576721,
        0.8068269491195679,
        0.8060576915740967,
        0.8089423179626465,
        0.8086538314819336,
        0.8092307448387146,
        0.8088942170143127,
        0.8084615468978882,
        0.8092788457870483
    ],
    "final_train_acc": 0.8225961327552795,
    "best_val_acc": 0.8092788457870483,
    "test_acc": 0.8140384554862976,
    "config": {
        "batch_size": 64,
        "hidden_size": 32,
        "layers": 1,
        "learning_rate": 0.0003,
        "l2_decay": 0.0001,
        "dropout": 0.2,
        "activation": "relu",
        "optimizer": "adam",
        "epochs": 30,
        "model": "width-32"
    }
}