{
    "epochs": [
        0,
        1,
        2,
        3,
        4,
        5,
        6,
        7,
        8,
        9,
        10,
        11,
        12,
        13,
        14,
        15,
        16,
        17,
        18,
        19,
        20,
        21,
        22,
        23,
        24,
        25,
        26,
        27,
        28,
        29,
        30
    ],
    "train_losses": [
        3.2604293823242188,
        0.8663570284843445,
        0.6083260774612427,
        0.5623534917831421,
        0.5406014919281006,
        0.5246480107307434,
        0.5145948529243469,
        0.5049077272415161,
        0.49537360668182373,
        0.49339935183525085,
        0.49027231335639954,
        0.4882960021495819,
        0.48257365822792053,
        0.4785863757133484,
        0.47884559631347656,
        0.47761988639831543,
        0.475686639547348,
        0.4772331118583679,
        0.4701230525970459,
        0.473482221364975,
        0.46792957186698914,
        0.47135984897613525,
        0.4660239517688751,
        0.46663495898246765,
        0.4675675332546234,
        0.4649653732776642,
        0.46458300948143005,
        0.46455010771751404,
        0.46417924761772156,
        0.4610337018966675,
        0.46059268712997437
    ],
    "valid_losses": [
        3.260565757751465,
        0.5395939946174622,
        0.47692185640335083,
        0.45068222284317017,
        0.4502272307872772,
        0.4408693313598633,
        0.4321919083595276,
        0.4185274541378021,
        0.40764760971069336,
        0.41952523589134216,
        0.41143545508384705,
        0.40320828557014465,
        0.41030141711235046,
        0.40422359108924866,
        0.39893409609794617,
        0.3984273076057434,
        0.398210734128952,
        0.3975406587123871,
        0.406665563583374,
        0.40483972430229187,
        0.3988507091999054,
        0.40993210673332214,
        0.3957122266292572,
        0.39770254492759705,
        0.3877461552619934,
        0.39797744154930115,
        0.4024571478366852,
        0.39255034923553467,
        0.39879727363586426,
        0.38862094283103943,
        0.3869793713092804
    ],
    "train_accs": [
        0.04146153852343559,
        0.8432307839393616,
        0.8651922941207886,
        0.8740865588188171,
        0.8782884478569031,
        0.8829807639122009,
        0.8873461484909058,
        0.8885480761528015,
        0.8929807543754578,
        0.8887788653373718,
        0.8906057476997375,
        0.8935192227363586,
        0.8920384645462036,
        0.8942596316337585,
        0.8950865268707275,
        0.8957788348197937,
        0.8992115259170532,
        0.8960865139961243,
        0.893875002861023,
        0.8936442136764526,
        0.8957211375236511,
        0.8920577168464661,
        0.8968269228935242,
        0.8932692408561707,
        0.8984615206718445,
        0.8959903717041016,
        0.8954711556434631,
        0.8971057534217834,
        0.897865355014801,
        0.8984134793281555,
        0.8984230756759644
    ],
    "valid_accs": [
        0.042403846979141235,
        0.8348557949066162,
        0.8525000214576721,
        0.8628846406936646,
        0.8618749976158142,
        0.8640865087509155,
        0.8678365349769592,
        0.8705769181251526,
        0.8752403855323792,
        0.8713942170143127,
        0.8723077178001404,
        0.8764904141426086,
        0.874423086643219,
        0.8752884864807129,
        0.876682698726654,
        0.8754326701164246,
        0.87870192527771,
        0.8762980699539185,
        0.8745192289352417,
        0.8740384578704834,
        0.8748077154159546,
        0.8724038600921631,
        0.8787980675697327,
        0.8756730556488037,
        0.8790384531021118,
        0.8771153688430786,
        0.8749518990516663,
        0.8786057829856873,
        0.8779326677322388,
        0.8795192241668701,
        0.8788461685180664
    ],
    "final_train_acc": 0.8984230756759644,
    "best_val_acc": 0.8795192241668701,
    "test_acc": 0.8784134387969971,
    "config": {
        "batch_size": 64,
        "hidden_size": 128,
        "layers": 1,
        "learning_rate": 0.003,
        "l2_decay": 0.0001,
        "dropout": 0.2,
        "activation": "relu",
        "optimizer": "adam",
        "epochs": 30,
        "model": "width-128"
    }
}