{
    "epochs": [
        0,
        1,
        2,
        3,
        4,
        5,
        6,
        7,
        8,
        9,
        10,
        11,
        12,
        13,
        14,
        15,
        16,
        17,
        18,
        19,
        20,
        21,
        22,
        23,
        24,
        25,
        26,
        27,
        28,
        29,
        30
    ],
    "train_losses": [
        3.261732339859009,
        2.3786323070526123,
        1.6795384883880615,
        1.5024677515029907,
        1.4066205024719238,
        1.336497187614441,
        1.2908047437667847,
        1.2471486330032349,
        1.2177423238754272,
        1.1929131746292114,
        1.1698951721191406,
        1.1427727937698364,
        1.1285245418548584,
        1.1080543994903564,
        1.0921034812927246,
        1.0812840461730957,
        1.0728137493133545,
        1.0575376749038696,
        1.0462658405303955,
        1.036693811416626,
        1.029096245765686,
        1.0197696685791016,
        1.012343168258667,
        1.0078160762786865,
        0.9972065091133118,
        0.9936119318008423,
        0.9869006872177124,
        0.9809569716453552,
        0.9754106998443604,
        0.9693325757980347,
        0.967357337474823
    ],
    "valid_losses": [
        3.262150287628174,
        1.6899802684783936,
        1.388383150100708,
        1.2606217861175537,
        1.180155634880066,
        1.121590256690979,
        1.0783538818359375,
        1.0392590761184692,
        1.0088790655136108,
        0.9813748598098755,
        0.9569470286369324,
        0.9337241053581238,
        0.9162680506706238,
        0.8980526924133301,
        0.8834370970726013,
        0.868964672088623,
        0.8586631417274475,
        0.8465375900268555,
        0.8340564966201782,
        0.8247390389442444,
        0.8159576058387756,
        0.805907666683197,
        0.7982872724533081,
        0.7934949398040771,
        0.7832744717597961,
        0.7776284217834473,
        0.7716216444969177,
        0.7655557990074158,
        0.7619963884353638,
        0.756374716758728,
        0.7492535710334778
    ],
    "train_accs": [
        0.04424038529396057,
        0.561846137046814,
        0.6193269491195679,
        0.6479230523109436,
        0.6692307591438293,
        0.6847115159034729,
        0.6970192193984985,
        0.707807719707489,
        0.7168269157409668,
        0.724836528301239,
        0.7311345934867859,
        0.7376634478569031,
        0.7444711327552795,
        0.7489038705825806,
        0.7544615268707275,
        0.7585961818695068,
        0.7626730799674988,
        0.7655192017555237,
        0.7694134712219238,
        0.771211564540863,
        0.7754615545272827,
        0.7772019505500793,
        0.7793846130371094,
        0.7812018990516663,
        0.7840192317962646,
        0.7858750224113464,
        0.7868654131889343,
        0.7885577082633972,
        0.7895192503929138,
        0.7913846373558044,
        0.7930769324302673
    ],
    "valid_accs": [
        0.04586538299918175,
        0.561923086643219,
        0.6216827034950256,
        0.6497595906257629,
        0.6686538457870483,
        0.6840865612030029,
        0.6952884793281555,
        0.705673098564148,
        0.7135096192359924,
        0.7221634387969971,
        0.7281730771064758,
        0.733846127986908,
        0.7392788529396057,
        0.7440865635871887,
        0.7502403855323792,
        0.7529807686805725,
        0.7573557496070862,
        0.7617307901382446,
        0.764471173286438,
        0.7665384411811829,
        0.7711057662963867,
        0.7732211351394653,
        0.7757211327552795,
        0.777019202709198,
        0.7785577178001404,
        0.7809615135192871,
        0.7808653712272644,
        0.782980740070343,
        0.7846153974533081,
        0.7863942384719849,
        0.7876923084259033
    ],
    "final_train_acc": 0.7930769324302673,
    "best_val_acc": 0.7876923084259033,
    "test_acc": 0.7889903783798218,
    "config": {
        "batch_size": 64,
        "hidden_size": 32,
        "layers": 1,
        "learning_rate": 0.0001,
        "l2_decay": 0.0001,
        "dropout": 0.2,
        "activation": "relu",
        "optimizer": "adam",
        "epochs": 30,
        "model": "width-32"
    }
}