{
    "epochs": [
        0,
        1,
        2,
        3,
        4,
        5,
        6,
        7,
        8,
        9,
        10,
        11,
        12,
        13,
        14,
        15,
        16,
        17,
        18,
        19,
        20,
        21,
        22,
        23,
        24,
        25,
        26,
        27,
        28,
        29,
        30
    ],
    "train_losses": [
        3.2731773853302,
        1.4032347202301025,
        0.9083232879638672,
        0.7447919249534607,
        0.6523871421813965,
        0.5951200127601624,
        0.556027352809906,
        0.5279378890991211,
        0.5059965252876282,
        0.4872213304042816,
        0.47193577885627747,
        0.45847123861312866,
        0.4487007260322571,
        0.43731772899627686,
        0.43030694127082825,
        0.42265552282333374,
        0.4144444763660431,
        0.4087190628051758,
        0.40417957305908203,
        0.3999662399291992,
        0.39254337549209595,
        0.38684576749801636,
        0.3825167119503021,
        0.3777678310871124,
        0.3755839765071869,
        0.3727090358734131,
        0.36793458461761475,
        0.3647562265396118,
        0.3603847026824951,
        0.36052200198173523,
        0.35921192169189453
    ],
    "valid_losses": [
        3.273300886154175,
        0.9641266465187073,
        0.7349472045898438,
        0.6118484139442444,
        0.5425703525543213,
        0.49952492117881775,
        0.4726344048976898,
        0.44820499420166016,
        0.43092915415763855,
        0.41821664571762085,
        0.40705886483192444,
        0.40004903078079224,
        0.3916306495666504,
        0.3854294717311859,
        0.3808480501174927,
        0.3770744502544403,
        0.37302714586257935,
        0.36883094906806946,
        0.3653850257396698,
        0.3626633286476135,
        0.36018580198287964,
        0.3578767478466034,
        0.3568105697631836,
        0.35437801480293274,
        0.35237863659858704,
        0.35026612877845764,
        0.3500777781009674,
        0.3500615656375885,
        0.3470204770565033,
        0.34597596526145935,
        0.34673410654067993
    ],
    "train_accs": [
        0.033336538821458817,
        0.7317692041397095,
        0.7952307462692261,
        0.8321346044540405,
        0.8503942489624023,
        0.8626345992088318,
        0.8725481033325195,
        0.8789230585098267,
        0.8840192556381226,
        0.8884422779083252,
        0.8916730880737305,
        0.8946827054023743,
        0.8977692127227783,
        0.9010096192359924,
        0.9031826853752136,
        0.9038942456245422,
        0.9064615368843079,
        0.9087884426116943,
        0.9099903702735901,
        0.9110000133514404,
        0.9118654131889343,
        0.9128557443618774,
        0.9154230952262878,
        0.9153557419776917,
        0.9175000190734863,
        0.9176827073097229,
        0.9189230799674988,
        0.9197499752044678,
        0.921548068523407,
        0.9218654036521912,
        0.9218654036521912
    ],
    "valid_accs": [
        0.03451922908425331,
        0.7317788600921631,
        0.7922115325927734,
        0.8268269300460815,
        0.8445192575454712,
        0.8557692170143127,
        0.8625961542129517,
        0.8688461780548096,
        0.8711057901382446,
        0.8762500286102295,
        0.87870192527771,
        0.8804807662963867,
        0.8821634650230408,
        0.8831250071525574,
        0.8839423060417175,
        0.8858653903007507,
        0.8875961303710938,
        0.8876923322677612,
        0.8897115588188171,
        0.8898557424545288,
        0.890048086643219,
        0.8891826868057251,
        0.8910576701164246,
        0.8913461565971375,
        0.8937019109725952,
        0.8929807543754578,
        0.8939903974533081,
        0.8929327130317688,
        0.8941346406936646,
        0.8946634531021118,
        0.8943750262260437
    ],
    "final_train_acc": 0.9218654036521912,
    "best_val_acc": 0.8946634531021118,
    "test_acc": 0.8945673108100891,
    "config": {
        "batch_size": 64,
        "hidden_size": 128,
        "layers": 1,
        "learning_rate": 0.0003,
        "l2_decay": 0.0,
        "dropout": 0.2,
        "activation": "relu",
        "optimizer": "adam",
        "epochs": 30,
        "model": "width-128"
    }
}