{
    "epochs": [
        0,
        1,
        2,
        3,
        4,
        5,
        6,
        7,
        8,
        9,
        10,
        11,
        12,
        13,
        14,
        15,
        16,
        17,
        18,
        19,
        20,
        21,
        22,
        23,
        24,
        25,
        26,
        27,
        28,
        29,
        30
    ],
    "train_losses": [
        3.2667078971862793,
        0.6266293525695801,
        0.37478944659233093,
        0.3234945237636566,
        0.2915361523628235,
        0.2696094810962677,
        0.2511204183101654,
        0.23946532607078552,
        0.22402559220790863,
        0.21687278151512146,
        0.2053612470626831,
        0.19832579791545868,
        0.19098252058029175,
        0.18571965396404266,
        0.17667803168296814,
        0.17806503176689148,
        0.16730068624019623,
        0.16660131514072418,
        0.16101720929145813,
        0.1587395966053009,
        0.15314380824565887,
        0.15422478318214417,
        0.14657510817050934,
        0.1470690220594406,
        0.14436934888362885,
        0.14406658709049225,
        0.13808642327785492,
        0.13933859765529633,
        0.13405919075012207,
        0.13408833742141724,
        0.1339685171842575
    ],
    "valid_losses": [
        3.266648054122925,
        0.4320065975189209,
        0.3863638639450073,
        0.38584020733833313,
        0.37487268447875977,
        0.39519643783569336,
        0.38922202587127686,
        0.4121544361114502,
        0.4212041199207306,
        0.42695125937461853,
        0.4397716820240021,
        0.47767215967178345,
        0.4983804225921631,
        0.4961493909358978,
        0.5240819454193115,
        0.5164475440979004,
        0.5557820796966553,
        0.5652400851249695,
        0.5596286654472351,
        0.5916758179664612,
        0.6098618507385254,
        0.6441701054573059,
        0.625390350818634,
        0.6822530627250671,
        0.6712826490402222,
        0.6854697465896606,
        0.7089479565620422,
        0.7254400849342346,
        0.7761676907539368,
        0.7833647131919861,
        0.8307338953018188
    ],
    "train_accs": [
        0.042211540043354034,
        0.8771057724952698,
        0.8962404131889343,
        0.9085384607315063,
        0.9192692041397095,
        0.9200096130371094,
        0.9296634793281555,
        0.9293942451477051,
        0.9325577020645142,
        0.931865394115448,
        0.9380384683609009,
        0.9364327192306519,
        0.9381250143051147,
        0.9388750195503235,
        0.9431923031806946,
        0.9478942155838013,
        0.9492307901382446,
        0.9466730952262878,
        0.9497211575508118,
        0.951442301273346,
        0.9518846273422241,
        0.9483461380004883,
        0.958105742931366,
        0.9504519104957581,
        0.9519423246383667,
        0.9594807624816895,
        0.9575769305229187,
        0.9590288400650024,
        0.9564231038093567,
        0.9567211270332336,
        0.9556442499160767
    ],
    "valid_accs": [
        0.041971154510974884,
        0.8637499809265137,
        0.8787500262260437,
        0.8834615349769592,
        0.8881250023841858,
        0.885817289352417,
        0.8918750286102295,
        0.8878365159034729,
        0.892307698726654,
        0.886394202709198,
        0.8916346430778503,
        0.888942301273346,
        0.888076901435852,
        0.8874038457870483,
        0.8884134888648987,
        0.891153872013092,
        0.8909615278244019,
        0.8891345858573914,
        0.8913942575454712,
        0.891730785369873,
        0.8899038434028625,
        0.8879807591438293,
        0.8924999833106995,
        0.8853365182876587,
        0.8884134888648987,
        0.8902403712272644,
        0.8904327154159546,
        0.8921154141426086,
        0.8868269324302673,
        0.8865384459495544,
        0.8881250023841858
    ],
    "final_train_acc": 0.9556442499160767,
    "best_val_acc": 0.8924999833106995,
    "test_acc": 0.886346161365509,
    "config": {
        "batch_size": 64,
        "hidden_size": 256,
        "layers": 1,
        "learning_rate": 0.003,
        "l2_decay": 0.0,
        "dropout": 0.0,
        "activation": "relu",
        "optimizer": "adam",
        "epochs": 30,
        "model": "width-256"
    }
}