{
    "epochs": [
        0,
        1,
        2,
        3,
        4,
        5,
        6,
        7,
        8,
        9,
        10,
        11,
        12,
        13,
        14,
        15,
        16,
        17,
        18,
        19,
        20,
        21,
        22,
        23,
        24,
        25,
        26,
        27,
        28,
        29,
        30
    ],
    "train_losses": [
        3.2606067657470703,
        1.857643961906433,
        1.248279094696045,
        1.152902603149414,
        1.0990768671035767,
        1.0617339611053467,
        1.0336394309997559,
        1.0119545459747314,
        0.9938838481903076,
        0.9780985713005066,
        0.9637720584869385,
        0.9517894983291626,
        0.9405651092529297,
        0.9302371740341187,
        0.9211515784263611,
        0.9129562973976135,
        0.9058637022972107,
        0.8987483382225037,
        0.8920533061027527,
        0.8859493732452393,
        0.8807786107063293,
        0.8750224113464355,
        0.870608389377594,
        0.8660081028938293,
        0.8614774346351624,
        0.8578438758850098,
        0.8537580966949463,
        0.8500989079475403,
        0.8464367389678955,
        0.8428723216056824,
        0.8394598960876465
    ],
    "valid_losses": [
        3.2603466510772705,
        1.3424317836761475,
        1.1978709697723389,
        1.134042739868164,
        1.0931018590927124,
        1.0603069067001343,
        1.0393304824829102,
        1.019828200340271,
        1.0033326148986816,
        0.9872506856918335,
        0.9746281504631042,
        0.9646643996238708,
        0.9544245004653931,
        0.946699857711792,
        0.9350078105926514,
        0.9315915107727051,
        0.9238713383674622,
        0.9169071912765503,
        0.9112762808799744,
        0.9058955311775208,
        0.8998856544494629,
        0.8960925936698914,
        0.8956993818283081,
        0.8902356028556824,
        0.8857885599136353,
        0.8820339441299438,
        0.8792071342468262,
        0.8742679357528687,
        0.8691869974136353,
        0.8704144954681396,
        0.86491858959198
    ],
    "train_accs": [
        0.038913462311029434,
        0.6161538362503052,
        0.6592980623245239,
        0.6787499785423279,
        0.6933749914169312,
        0.7018173336982727,
        0.7088461518287659,
        0.7140384912490845,
        0.7197403907775879,
        0.7235673069953918,
        0.7269134521484375,
        0.7293461561203003,
        0.7320095896720886,
        0.732692301273346,
        0.7371249794960022,
        0.7368268966674805,
        0.7406827211380005,
        0.7422211766242981,
        0.7443749904632568,
        0.745019257068634,
        0.7463750243186951,
        0.746673047542572,
        0.7481634616851807,
        0.7497596144676208,
        0.7520096302032471,
        0.7537980675697327,
        0.7532019019126892,
        0.7554423213005066,
        0.7563461661338806,
        0.7569519281387329,
        0.7565961480140686
    ],
    "valid_accs": [
        0.04024038463830948,
        0.61307692527771,
        0.6538461446762085,
        0.6774038672447205,
        0.6878846287727356,
        0.6981731057167053,
        0.7018749713897705,
        0.7064422965049744,
        0.7149519324302673,
        0.7176923155784607,
        0.7210577130317688,
        0.723605751991272,
        0.7260577082633972,
        0.7301923036575317,
        0.7331249713897705,
        0.7330288290977478,
        0.7355769276618958,
        0.7375961542129517,
        0.7366346120834351,
        0.7407692074775696,
        0.7395672798156738,
        0.7411538362503052,
        0.7410576939582825,
        0.7439423203468323,
        0.7458654046058655,
        0.7454326748847961,
        0.7470673322677612,
        0.7495673298835754,
        0.7491827011108398,
        0.7502403855323792,
        0.7481250166893005
    ],
    "final_train_acc": 0.7565961480140686,
    "best_val_acc": 0.7502403855323792,
    "test_acc": 0.7510096430778503,
    "config": {
        "batch_size": 64,
        "hidden_size": 16,
        "layers": 1,
        "learning_rate": 0.0003,
        "l2_decay": 0.0001,
        "dropout": 0.0,
        "activation": "relu",
        "optimizer": "adam",
        "epochs": 30,
        "model": "width-16"
    }
}