{
    "epochs": [
        0,
        1,
        2,
        3,
        4,
        5,
        6,
        7,
        8,
        9,
        10,
        11,
        12,
        13,
        14,
        15,
        16,
        17,
        18,
        19,
        20,
        21,
        22,
        23,
        24,
        25,
        26,
        27,
        28,
        29,
        30
    ],
    "train_losses": [
        3.26275634765625,
        0.8758490085601807,
        0.6073486804962158,
        0.5548905730247498,
        0.5274884104728699,
        0.5073899030685425,
        0.4955578148365021,
        0.48200780153274536,
        0.471201628446579,
        0.4666932225227356,
        0.45666542649269104,
        0.453250914812088,
        0.4458797574043274,
        0.4410018026828766,
        0.43709564208984375,
        0.43248504400253296,
        0.4276353716850281,
        0.42502692341804504,
        0.4236083924770355,
        0.4157925844192505,
        0.41499921679496765,
        0.4142123758792877,
        0.40735673904418945,
        0.4084361493587494,
        0.4044708013534546,
        0.398108571767807,
        0.4000968337059021,
        0.39783403277397156,
        0.3971709609031677,
        0.3970789611339569,
        0.39242443442344666
    ],
    "valid_losses": [
        3.2630813121795654,
        0.54244464635849,
        0.47212135791778564,
        0.44331082701683044,
        0.4424336552619934,
        0.42303702235221863,
        0.41335898637771606,
        0.4155179560184479,
        0.4196960926055908,
        0.4079151749610901,
        0.40670499205589294,
        0.41901934146881104,
        0.41883620619773865,
        0.40899738669395447,
        0.4162864685058594,
        0.40939557552337646,
        0.4152856469154358,
        0.4331182837486267,
        0.42754125595092773,
        0.41535264253616333,
        0.4161328971385956,
        0.42238280177116394,
        0.42198026180267334,
        0.4420163631439209,
        0.42559731006622314,
        0.4259227514266968,
        0.4218882918357849,
        0.42336952686309814,
        0.4228251874446869,
        0.44029757380485535,
        0.45328232645988464
    ],
    "train_accs": [
        0.04448077082633972,
        0.842471182346344,
        0.8662019371986389,
        0.8796923160552979,
        0.8828269243240356,
        0.890749990940094,
        0.8948172926902771,
        0.8960769176483154,
        0.8976730704307556,
        0.9024134874343872,
        0.9044134616851807,
        0.8999903798103333,
        0.9039038419723511,
        0.9065576791763306,
        0.9064134359359741,
        0.910278856754303,
        0.9097884893417358,
        0.9074711799621582,
        0.9101346135139465,
        0.9143173098564148,
        0.9149711728096008,
        0.9135000109672546,
        0.9175096154212952,
        0.9069327116012573,
        0.9131923317909241,
        0.9187980890274048,
        0.9158942103385925,
        0.9171249866485596,
        0.9205576777458191,
        0.9189134836196899,
        0.9154711365699768
    ],
    "valid_accs": [
        0.04283653944730759,
        0.8336057662963867,
        0.8535096049308777,
        0.8620672821998596,
        0.8632211685180664,
        0.869038462638855,
        0.8708173036575317,
        0.8727403879165649,
        0.873317301273346,
        0.8739903569221497,
        0.8778846263885498,
        0.873894214630127,
        0.8745192289352417,
        0.8737499713897705,
        0.8753365278244019,
        0.8791345953941345,
        0.8764904141426086,
        0.8731250166893005,
        0.875576913356781,
        0.8793269395828247,
        0.8776922821998596,
        0.8753846287727356,
        0.8770673274993896,
        0.8697596192359924,
        0.874471127986908,
        0.8785576820373535,
        0.8782211542129517,
        0.8783172965049744,
        0.8802884817123413,
        0.8748557567596436,
        0.8735095858573914
    ],
    "final_train_acc": 0.9154711365699768,
    "best_val_acc": 0.8802884817123413,
    "test_acc": 0.8774518966674805,
    "config": {
        "batch_size": 64,
        "hidden_size": 128,
        "layers": 1,
        "learning_rate": 0.003,
        "l2_decay": 0.0,
        "dropout": 0.2,
        "activation": "relu",
        "optimizer": "adam",
        "epochs": 30,
        "model": "width-128"
    }
}