{
    "epochs": [
        0,
        1,
        2,
        3,
        4,
        5,
        6,
        7,
        8,
        9,
        10,
        11,
        12,
        13,
        14,
        15,
        16,
        17,
        18,
        19,
        20,
        21,
        22,
        23,
        24,
        25,
        26,
        27,
        28,
        29,
        30
    ],
    "train_losses": [
        3.2621612548828125,
        0.8177298903465271,
        0.42926037311553955,
        0.35203707218170166,
        0.31180551648139954,
        0.2862592339515686,
        0.2667199969291687,
        0.25204476714134216,
        0.2388240247964859,
        0.22931918501853943,
        0.22086648643016815,
        0.21503138542175293,
        0.20747047662734985,
        0.19975420832633972,
        0.19636455178260803,
        0.19114047288894653,
        0.18744193017482758,
        0.18470895290374756,
        0.1800471395254135,
        0.17636644840240479,
        0.1744433045387268,
        0.17305296659469604,
        0.16958856582641602,
        0.16804225742816925,
        0.16525231301784515,
        0.16252487897872925,
        0.16214323043823242,
        0.16017256677150726,
        0.16076651215553284,
        0.15715929865837097,
        0.15489870309829712
    ],
    "valid_losses": [
        3.2627620697021484,
        0.5173549056053162,
        0.41284409165382385,
        0.36099398136138916,
        0.34865662455558777,
        0.33510109782218933,
        0.3294244408607483,
        0.3187329173088074,
        0.3206857442855835,
        0.3154234290122986,
        0.31209900975227356,
        0.31156742572784424,
        0.31481441855430603,
        0.31352993845939636,
        0.3102964460849762,
        0.3051516115665436,
        0.31198978424072266,
        0.3137962222099304,
        0.31904006004333496,
        0.3166336417198181,
        0.3129771649837494,
        0.31596848368644714,
        0.31237417459487915,
        0.311391144990921,
        0.3147222697734833,
        0.319270521402359,
        0.31276413798332214,
        0.3075212836265564,
        0.30891135334968567,
        0.319806843996048,
        0.3114451467990875
    ],
    "train_accs": [
        0.04262499883770943,
        0.8533653616905212,
        0.887624979019165,
        0.9062884449958801,
        0.9133750200271606,
        0.9213653802871704,
        0.9250096082687378,
        0.9300480484962463,
        0.9312211275100708,
        0.9332404136657715,
        0.9379423260688782,
        0.9381057620048523,
        0.9402115345001221,
        0.9405288696289062,
        0.9412403702735901,
        0.9450769424438477,
        0.9436730742454529,
        0.9447307586669922,
        0.9442692399024963,
        0.9446827173233032,
        0.9469807744026184,
        0.9460192322731018,
        0.9497307538986206,
        0.9476634860038757,
        0.9489904046058655,
        0.9493653774261475,
        0.9506057500839233,
        0.9519134759902954,
        0.9532211422920227,
        0.9515769481658936,
        0.9533076882362366
    ],
    "valid_accs": [
        0.04038461670279503,
        0.8455769419670105,
        0.8745192289352417,
        0.8885096311569214,
        0.8906731009483337,
        0.8966826796531677,
        0.8957211375236511,
        0.9007211327552795,
        0.900817334651947,
        0.9003365635871887,
        0.9014903903007507,
        0.9017307758331299,
        0.9023076891899109,
        0.9023557901382446,
        0.9013461470603943,
        0.9055288434028625,
        0.9043750166893005,
        0.9038461446762085,
        0.9021634459495544,
        0.9048076868057251,
        0.9027403593063354,
        0.9017307758331299,
        0.9053846001625061,
        0.9032692313194275,
        0.9038942456245422,
        0.9017307758331299,
        0.9006730914115906,
        0.9059134721755981,
        0.9027403593063354,
        0.9028365612030029,
        0.9054327011108398
    ],
    "final_train_acc": 0.9533076882362366,
    "best_val_acc": 0.9059134721755981,
    "test_acc": 0.9049999713897705,
    "config": {
        "batch_size": 64,
        "hidden_size": 256,
        "layers": 1,
        "learning_rate": 0.001,
        "l2_decay": 0.0001,
        "dropout": 0.0,
        "activation": "relu",
        "optimizer": "adam",
        "epochs": 30,
        "model": "width-256"
    }
}