{
    "epochs": [
        0,
        1,
        2,
        3,
        4,
        5,
        6,
        7,
        8,
        9,
        10,
        11,
        12,
        13,
        14,
        15,
        16,
        17,
        18,
        19,
        20,
        21,
        22,
        23,
        24,
        25,
        26,
        27,
        28,
        29,
        30
    ],
    "train_losses": [
        3.2593305110931396,
        0.8833281993865967,
        0.5055076479911804,
        0.4245429039001465,
        0.3800170421600342,
        0.3535059988498688,
        0.3328184485435486,
        0.3172834515571594,
        0.30146047472953796,
        0.29159557819366455,
        0.2804180085659027,
        0.2731195390224457,
        0.2660100758075714,
        0.2575022578239441,
        0.2521587014198303,
        0.24494697153568268,
        0.24340194463729858,
        0.23655536770820618,
        0.23237738013267517,
        0.2272901087999344,
        0.22448624670505524,
        0.22186706960201263,
        0.2190110832452774,
        0.212400421500206,
        0.21031135320663452,
        0.20829711854457855,
        0.20592239499092102,
        0.2021172046661377,
        0.2013595849275589,
        0.19997021555900574,
        0.1949768215417862
    ],
    "valid_losses": [
        3.2592270374298096,
        0.5225895047187805,
        0.4103546738624573,
        0.36341074109077454,
        0.3519635796546936,
        0.3239830732345581,
        0.3220522999763489,
        0.31369757652282715,
        0.3123052418231964,
        0.3080112338066101,
        0.3089934289455414,
        0.31538504362106323,
        0.31441423296928406,
        0.31062835454940796,
        0.3169000446796417,
        0.312020868062973,
        0.32009464502334595,
        0.3281765580177307,
        0.32732442021369934,
        0.3269406259059906,
        0.32801416516304016,
        0.3270941972732544,
        0.346001535654068,
        0.3366617262363434,
        0.3393532633781433,
        0.3349858224391937,
        0.3371776342391968,
        0.3416571617126465,
        0.3444267511367798,
        0.3461068868637085,
        0.3556094765663147
    ],
    "train_accs": [
        0.045625001192092896,
        0.8514134883880615,
        0.8865576982498169,
        0.9040384888648987,
        0.9090384840965271,
        0.9212115406990051,
        0.9233461618423462,
        0.9288750290870667,
        0.9314711689949036,
        0.9353172779083252,
        0.9383653998374939,
        0.9368076920509338,
        0.9404903650283813,
        0.9417980909347534,
        0.9418365359306335,
        0.9465288519859314,
        0.9470000267028809,
        0.9486923217773438,
        0.9502692222595215,
        0.9511826634407043,
        0.9519326686859131,
        0.9526442289352417,
        0.9524134397506714,
        0.9535576701164246,
        0.9563269019126892,
        0.9565865397453308,
        0.957480788230896,
        0.95900958776474,
        0.9592692255973816,
        0.9594230651855469,
        0.9593942165374756
    ],
    "valid_accs": [
        0.04370192438364029,
        0.84375,
        0.873269259929657,
        0.8885096311569214,
        0.8890865445137024,
        0.8992788195610046,
        0.9004807472229004,
        0.901971161365509,
        0.9012500047683716,
        0.9032692313194275,
        0.9050480723381042,
        0.90254807472229,
        0.9055288434028625,
        0.9026442170143127,
        0.9043269157409668,
        0.9055769443511963,
        0.905673086643219,
        0.9036538600921631,
        0.9047595858573914,
        0.9058173298835754,
        0.9060096144676208,
        0.905096173286438,
        0.9042307734489441,
        0.904519259929657,
        0.9040865302085876,
        0.906778872013092,
        0.9062018990516663,
        0.9061057567596436,
        0.9033173322677612,
        0.9058173298835754,
        0.9040384888648987
    ],
    "final_train_acc": 0.9593942165374756,
    "best_val_acc": 0.906778872013092,
    "test_acc": 0.9072596430778503,
    "config": {
        "batch_size": 64,
        "hidden_size": 256,
        "layers": 1,
        "learning_rate": 0.001,
        "l2_decay": 0.0,
        "dropout": 0.2,
        "activation": "relu",
        "optimizer": "adam",
        "epochs": 30,
        "model": "width-256"
    }
}