{
    "epochs": [
        0,
        1,
        2,
        3,
        4,
        5,
        6,
        7,
        8,
        9,
        10,
        11,
        12,
        13,
        14,
        15,
        16,
        17,
        18,
        19,
        20,
        21,
        22,
        23,
        24,
        25,
        26,
        27,
        28,
        29,
        30
    ],
    "train_losses": [
        3.2698490619659424,
        2.229775905609131,
        1.6864293813705444,
        1.5737239122390747,
        1.513528823852539,
        1.4789278507232666,
        1.4547313451766968,
        1.428966760635376,
        1.4131321907043457,
        1.397924542427063,
        1.3830063343048096,
        1.3756271600723267,
        1.3604964017868042,
        1.3543195724487305,
        1.3458131551742554,
        1.3356454372406006,
        1.3342440128326416,
        1.3260571956634521,
        1.3224314451217651,
        1.3140952587127686,
        1.3174899816513062,
        1.3114045858383179,
        1.308822751045227,
        1.302391767501831,
        1.3048150539398193,
        1.2982909679412842,
        1.3005613088607788,
        1.290621280670166,
        1.2925375699996948,
        1.2908434867858887,
        1.2880194187164307
    ],
    "valid_losses": [
        3.2698333263397217,
        1.542873501777649,
        1.3368210792541504,
        1.2572028636932373,
        1.2011643648147583,
        1.1653838157653809,
        1.1437712907791138,
        1.1190465688705444,
        1.1057463884353638,
        1.0877500772476196,
        1.072662591934204,
        1.0621752738952637,
        1.052257776260376,
        1.0424364805221558,
        1.0347213745117188,
        1.0252652168273926,
        1.0180833339691162,
        1.0130703449249268,
        1.0086884498596191,
        1.0073645114898682,
        1.001930832862854,
        0.9996132254600525,
        0.9986095428466797,
        0.9887617230415344,
        0.993682324886322,
        0.9835891723632812,
        0.9810670018196106,
        0.9801092147827148,
        0.9783470630645752,
        0.9782629609107971,
        0.9734479188919067
    ],
    "train_accs": [
        0.03326923027634621,
        0.5775192379951477,
        0.6284615397453308,
        0.6505288481712341,
        0.6670095920562744,
        0.6756250262260437,
        0.6836923360824585,
        0.6882596015930176,
        0.694038450717926,
        0.6959134340286255,
        0.7025384902954102,
        0.7041634321212769,
        0.7090672850608826,
        0.7090384364128113,
        0.7136346101760864,
        0.7165961265563965,
        0.7183846235275269,
        0.7176250219345093,
        0.7220192551612854,
        0.7236154079437256,
        0.7238653898239136,
        0.7264615297317505,
        0.7271826863288879,
        0.7276538610458374,
        0.7279230952262878,
        0.7305384874343872,
        0.7315096259117126,
        0.7318365573883057,
        0.7317403554916382,
        0.7321346402168274,
        0.7337596416473389
    ],
    "valid_accs": [
        0.0314423069357872,
        0.5730288624763489,
        0.6243749856948853,
        0.6479807496070862,
        0.664759635925293,
        0.6728846430778503,
        0.6798557639122009,
        0.686346173286438,
        0.6914423108100891,
        0.6921634674072266,
        0.6971153616905212,
        0.6997596025466919,
        0.7043269276618958,
        0.7060096263885498,
        0.708557665348053,
        0.7124999761581421,
        0.7136057615280151,
        0.7123557925224304,
        0.7157692313194275,
        0.7172115445137024,
        0.716201901435852,
        0.7189422845840454,
        0.7186538577079773,
        0.7196153998374939,
        0.7195672988891602,
        0.7205769419670105,
        0.7236538529396057,
        0.7233173251152039,
        0.7242307662963867,
        0.723557710647583,
        0.7253845930099487
    ],
    "final_train_acc": 0.7337596416473389,
    "best_val_acc": 0.7253845930099487,
    "test_acc": 0.7239422798156738,
    "config": {
        "batch_size": 64,
        "hidden_size": 16,
        "layers": 1,
        "learning_rate": 0.0003,
        "l2_decay": 0.0001,
        "dropout": 0.2,
        "activation": "relu",
        "optimizer": "adam",
        "epochs": 30,
        "model": "width-16"
    }
}