{
    "epochs": [
        0,
        1,
        2,
        3,
        4,
        5,
        6,
        7,
        8,
        9,
        10,
        11,
        12,
        13,
        14,
        15,
        16,
        17,
        18,
        19,
        20,
        21,
        22,
        23,
        24,
        25,
        26,
        27,
        28,
        29,
        30
    ],
    "train_losses": [
        3.269758462905884,
        1.0876314640045166,
        0.8114953637123108,
        0.748563826084137,
        0.7176549434661865,
        0.6987013220787048,
        0.6861791014671326,
        0.6772025227546692,
        0.6674154996871948,
        0.6586873531341553,
        0.6498686671257019,
        0.634677529335022,
        0.6236197352409363,
        0.6153643727302551,
        0.6084195375442505,
        0.5984597206115723,
        0.5953622460365295,
        0.5877476930618286,
        0.5807955861091614,
        0.5768062472343445,
        0.57415372133255,
        0.5685840845108032,
        0.5635881423950195,
        0.5576934218406677,
        0.5527245998382568,
        0.5476852655410767,
        0.5469306707382202,
        0.544817328453064,
        0.5423033237457275,
        0.5387677550315857,
        0.5350391864776611
    ],
    "valid_losses": [
        3.26936936378479,
        0.8613400459289551,
        0.7789340615272522,
        0.7547773718833923,
        0.7283743619918823,
        0.7415581345558167,
        0.7259275317192078,
        0.7051478624343872,
        0.6972549557685852,
        0.7044780850410461,
        0.700593113899231,
        0.6638030409812927,
        0.6802803874015808,
        0.6553215384483337,
        0.6449604034423828,
        0.6304119229316711,
        0.6242845058441162,
        0.6506332755088806,
        0.6322665810585022,
        0.6301190853118896,
        0.616329550743103,
        0.6018635630607605,
        0.6076194643974304,
        0.6143991351127625,
        0.5966176986694336,
        0.5992609262466431,
        0.6047980189323425,
        0.5889962315559387,
        0.5860352516174316,
        0.57977694272995,
        0.5652748942375183
    ],
    "train_accs": [
        0.035701923072338104,
        0.749673068523407,
        0.7785480618476868,
        0.7862595915794373,
        0.7978846430778503,
        0.7905769348144531,
        0.7942403554916382,
        0.8046249747276306,
        0.8075577020645142,
        0.8045192360877991,
        0.8088750243186951,
        0.8200769424438477,
        0.808346152305603,
        0.8207404017448425,
        0.8223845958709717,
        0.830673098564148,
        0.8315576910972595,
        0.8215961456298828,
        0.8302115201950073,
        0.8303365111351013,
        0.8329038619995117,
        0.836759626865387,
        0.8362019062042236,
        0.8306057453155518,
        0.8379423022270203,
        0.8370288610458374,
        0.8363942503929138,
        0.8404615521430969,
        0.8419519066810608,
        0.8410192131996155,
        0.8466730713844299
    ],
    "valid_accs": [
        0.03725961595773697,
        0.7452884912490845,
        0.7732211351394653,
        0.7799999713897705,
        0.7901923060417175,
        0.7822115421295166,
        0.7804327011108398,
        0.7922115325927734,
        0.7932211756706238,
        0.7895192503929138,
        0.7934134602546692,
        0.8037499785423279,
        0.7932692170143127,
        0.8050480484962463,
        0.8054326772689819,
        0.8121634721755981,
        0.8175480961799622,
        0.8090865612030029,
        0.8139904141426086,
        0.8139904141426086,
        0.8163461685180664,
        0.8206250071525574,
        0.8204807639122009,
        0.8141345977783203,
        0.8212500214576721,
        0.8191345930099487,
        0.8168749809265137,
        0.8249519467353821,
        0.8245673179626465,
        0.8268749713897705,
        0.8289422988891602
    ],
    "final_train_acc": 0.8466730713844299,
    "best_val_acc": 0.8289422988891602,
    "test_acc": 0.8302884697914124,
    "config": {
        "batch_size": 64,
        "hidden_size": 32,
        "layers": 1,
        "learning_rate": 0.003,
        "l2_decay": 0.0001,
        "dropout": 0.0,
        "activation": "relu",
        "optimizer": "adam",
        "epochs": 30,
        "model": "width-32"
    }
}