{
    "epochs": [
        0,
        1,
        2,
        3,
        4,
        5,
        6,
        7,
        8,
        9,
        10,
        11,
        12,
        13,
        14,
        15,
        16,
        17,
        18,
        19,
        20,
        21,
        22,
        23,
        24,
        25,
        26,
        27,
        28,
        29,
        30
    ],
    "train_losses": [
        3.2653555870056152,
        1.1744288206100464,
        0.6925986409187317,
        0.533115029335022,
        0.4496503174304962,
        0.3982933461666107,
        0.362880676984787,
        0.33646708726882935,
        0.3152967393398285,
        0.2988183796405792,
        0.28455454111099243,
        0.2729947566986084,
        0.2621573805809021,
        0.2525520324707031,
        0.24463127553462982,
        0.23685084283351898,
        0.22954969108104706,
        0.2239038646221161,
        0.21786248683929443,
        0.21229785680770874,
        0.20759327709674835,
        0.20271767675876617,
        0.19848321378231049,
        0.19489075243473053,
        0.1904103308916092,
        0.18640395998954773,
        0.18335731327533722,
        0.17982693016529083,
        0.177291139960289,
        0.17377154529094696,
        0.17060662806034088
    ],
    "valid_losses": [
        3.265418767929077,
        0.8260114192962646,
        0.6083845496177673,
        0.4965555965900421,
        0.4456537365913391,
        0.4090031683444977,
        0.388308584690094,
        0.3709298074245453,
        0.3564474582672119,
        0.34773990511894226,
        0.33494484424591064,
        0.33380842208862305,
        0.3265308439731598,
        0.32478293776512146,
        0.3221242427825928,
        0.31371772289276123,
        0.31459254026412964,
        0.3133389353752136,
        0.3166676163673401,
        0.3121033310890198,
        0.30679255723953247,
        0.3044746220111847,
        0.3109569251537323,
        0.30741336941719055,
        0.30342793464660645,
        0.30225563049316406,
        0.30410653352737427,
        0.3025493323802948,
        0.3003390431404114,
        0.30078572034835815,
        0.3016038239002228
    ],
    "train_accs": [
        0.03190384432673454,
        0.7692115306854248,
        0.8320865631103516,
        0.8646442294120789,
        0.8798942565917969,
        0.8922981023788452,
        0.9001057744026184,
        0.9053269028663635,
        0.9117211699485779,
        0.9159423112869263,
        0.9208365678787231,
        0.921625018119812,
        0.9254422783851624,
        0.9270288348197937,
        0.9287884831428528,
        0.9331153631210327,
        0.9342018961906433,
        0.9347596168518066,
        0.9362884759902954,
        0.9383845925331116,
        0.9409903883934021,
        0.9422019124031067,
        0.9426730871200562,
        0.9430192112922668,
        0.9453173279762268,
        0.9477211833000183,
        0.9461923241615295,
        0.948894202709198,
        0.9516634345054626,
        0.9517307877540588,
        0.952144205570221
    ],
    "valid_accs": [
        0.0310576930642128,
        0.7671634554862976,
        0.825576901435852,
        0.8563942313194275,
        0.867884635925293,
        0.879230797290802,
        0.8836538195610046,
        0.8893269300460815,
        0.8931249976158142,
        0.8942788243293762,
        0.8986057639122009,
        0.8972595930099487,
        0.8988461494445801,
        0.9003846049308777,
        0.8993750214576721,
        0.9034134745597839,
        0.9023557901382446,
        0.9028365612030029,
        0.9016826748847961,
        0.9018269181251526,
        0.9041826725006104,
        0.9042307734489441,
        0.90254807472229,
        0.9043750166893005,
        0.9053846001625061,
        0.9050480723381042,
        0.9039422869682312,
        0.9050480723381042,
        0.9058173298835754,
        0.905096173286438,
        0.9065384864807129
    ],
    "final_train_acc": 0.952144205570221,
    "best_val_acc": 0.9065384864807129,
    "test_acc": 0.9049038290977478,
    "config": {
        "batch_size": 64,
        "hidden_size": 256,
        "layers": 1,
        "learning_rate": 0.0003,
        "l2_decay": 0.0001,
        "dropout": 0.0,
        "activation": "relu",
        "optimizer": "adam",
        "epochs": 30,
        "model": "width-256"
    }
}