{
    "best_valid": 0.6967307692307693,
    "selected_epoch": 20,
    "test": 0.6959615384615384,
    "time": 78.89781761169434
}