{
    "best_valid": 0.6942307692307692,
    "selected_epoch": 20,
    "test": 0.6963461538461538,
    "time": 83.9416184425354
}